claim_type,empirical_evidence,feature_family,feature_id,independence_group,input_dependencies,profile_key,source_path,value,value_type
deterministic_symbolic_feature,False,vedic,vedic.sun.sign,birth_input,"[""birth_date"", ""birth_place""]",bill_gates,temporal.natal.sidereal.planets.Sun.sign,Libra,categorical
deterministic_symbolic_feature,False,vedic,vedic.sun.retrograde,birth_input,"[""birth_date""]",bill_gates,temporal.natal.sidereal.planets.Sun.retrograde,False,categorical
deterministic_symbolic_feature,False,vedic,vedic.moon.sign,birth_input,"[""birth_date"", ""birth_place""]",bill_gates,temporal.natal.sidereal.planets.Moon.sign,Pisces,categorical
deterministic_symbolic_feature,False,vedic,vedic.moon.retrograde,birth_input,"[""birth_date""]",bill_gates,temporal.natal.sidereal.planets.Moon.retrograde,False,categorical
deterministic_symbolic_feature,False,vedic,vedic.mercury.sign,birth_input,"[""birth_date"", ""birth_place""]",bill_gates,temporal.natal.sidereal.planets.Mercury.sign,Virgo,categorical
deterministic_symbolic_feature,False,vedic,vedic.mercury.retrograde,birth_input,"[""birth_date""]",bill_gates,temporal.natal.sidereal.planets.Mercury.retrograde,False,categorical
deterministic_symbolic_feature,False,vedic,vedic.venus.sign,birth_input,"[""birth_date"", ""birth_place""]",bill_gates,temporal.natal.sidereal.planets.Venus.sign,Libra,categorical
deterministic_symbolic_feature,False,vedic,vedic.venus.retrograde,birth_input,"[""birth_date""]",bill_gates,temporal.natal.sidereal.planets.Venus.retrograde,False,categorical
deterministic_symbolic_feature,False,vedic,vedic.mars.sign,birth_input,"[""birth_date"", ""birth_place""]",bill_gates,temporal.natal.sidereal.planets.Mars.sign,Virgo,categorical
deterministic_symbolic_feature,False,vedic,vedic.mars.retrograde,birth_input,"[""birth_date""]",bill_gates,temporal.natal.sidereal.planets.Mars.retrograde,False,categorical
deterministic_symbolic_feature,False,vedic,vedic.jupiter.sign,birth_input,"[""birth_date"", ""birth_place""]",bill_gates,temporal.natal.sidereal.planets.Jupiter.sign,Leo,categorical
deterministic_symbolic_feature,False,vedic,vedic.jupiter.retrograde,birth_input,"[""birth_date""]",bill_gates,temporal.natal.sidereal.planets.Jupiter.retrograde,False,categorical
deterministic_symbolic_feature,False,vedic,vedic.saturn.sign,birth_input,"[""birth_date"", ""birth_place""]",bill_gates,temporal.natal.sidereal.planets.Saturn.sign,Libra,categorical
deterministic_symbolic_feature,False,vedic,vedic.saturn.retrograde,birth_input,"[""birth_date""]",bill_gates,temporal.natal.sidereal.planets.Saturn.retrograde,False,categorical
deterministic_symbolic_feature,False,vedic,vedic.rahu.sign,birth_input,"[""birth_date"", ""birth_place""]",bill_gates,temporal.natal.sidereal.planets.Rahu.sign,Scorpio,categorical
deterministic_symbolic_feature,False,vedic,vedic.rahu.retrograde,birth_input,"[""birth_date""]",bill_gates,temporal.natal.sidereal.planets.Rahu.retrograde,True,categorical
deterministic_symbolic_feature,False,vedic,vedic.ketu.sign,birth_input,"[""birth_date"", ""birth_place""]",bill_gates,temporal.natal.sidereal.planets.Ketu.sign,Taurus,categorical
deterministic_symbolic_feature,False,vedic,vedic.ketu.retrograde,birth_input,"[""birth_date""]",bill_gates,temporal.natal.sidereal.planets.Ketu.retrograde,True,categorical
deterministic_symbolic_feature,False,numerology,numerology.life_path.number,birth_input,"[""birth_date""]",bill_gates,symbolic_profile.numerology.core_numbers.life_path.number,4,categorical
deterministic_symbolic_feature,False,numerology,numerology.birthday.number,birth_input,"[""birth_date""]",bill_gates,symbolic_profile.numerology.core_numbers.birthday.number,1,categorical
deterministic_symbolic_feature,False,numerology,numerology.attitude.number,birth_input,"[""birth_date""]",bill_gates,symbolic_profile.numerology.core_numbers.attitude.number,11,categorical
deterministic_symbolic_feature,False,numerology,numerology.birth_month.number,birth_input,"[""birth_date""]",bill_gates,symbolic_profile.numerology.core_numbers.birth_month.number,1,categorical
deterministic_symbolic_feature,False,numerology,numerology.birth_year.number,birth_input,"[""birth_date""]",bill_gates,symbolic_profile.numerology.core_numbers.birth_year.number,2,categorical
deterministic_symbolic_feature,False,numerology,numerology.expression.number,name_input,"[""recorded_name""]",bill_gates,symbolic_profile.numerology.core_numbers.expression.number,33,categorical
deterministic_symbolic_feature,False,numerology,numerology.soul_urge.number,name_input,"[""recorded_name""]",bill_gates,symbolic_profile.numerology.core_numbers.soul_urge.number,6,categorical
deterministic_symbolic_feature,False,numerology,numerology.personality.number,name_input,"[""recorded_name""]",bill_gates,symbolic_profile.numerology.core_numbers.personality.number,9,categorical
deterministic_symbolic_feature,False,numerology,numerology.balance.number,name_input,"[""recorded_name""]",bill_gates,symbolic_profile.numerology.core_numbers.balance.number,9,categorical
deterministic_symbolic_feature,False,numerology,numerology.maturity.number,birth_and_name_input,"[""birth_date"", ""recorded_name""]",bill_gates,symbolic_profile.numerology.core_numbers.maturity.number,1,categorical
deterministic_symbolic_feature,False,gematria,gematria.ordinal.digital_root,name_input,"[""recorded_name""]",bill_gates,symbolic_profile.gematria.systems.ordinal.digital_root,6,categorical
deterministic_symbolic_feature,False,gematria,gematria.hebrew_literal.digital_root,name_input,"[""recorded_name""]",bill_gates,symbolic_profile.gematria.systems.hebrew_literal.digital_root,1,categorical
deterministic_symbolic_feature,False,gematria,gematria.hebrew_phonetic.digital_root,name_input,"[""recorded_name""]",bill_gates,symbolic_profile.gematria.systems.hebrew_phonetic.digital_root,1,categorical
deterministic_symbolic_feature,False,gematria,gematria.reverse_ordinal.digital_root,name_input,"[""recorded_name""]",bill_gates,symbolic_profile.gematria.systems.reverse_ordinal.digital_root,3,categorical
deterministic_symbolic_feature,False,gematria,gematria.cross_system.distinct_root_count,name_input,"[""recorded_name""]",bill_gates,symbolic_profile.gematria.cross_system.distinct_root_count,3,numeric
deterministic_symbolic_feature,False,gematria,gematria.cross_system.exact_root_convergence,name_input,"[""recorded_name""]",bill_gates,symbolic_profile.gematria.cross_system.exact_root_convergence,False,categorical
deterministic_symbolic_feature,False,kamea,kamea.top_planet,name_input,"[""recorded_name"", ""cipher_rules""]",bill_gates,symbolic_profile.kamea.ranked_planets[0].planet,saturn,categorical
deterministic_symbolic_feature,False,kamea,kamea.saturn.composite_score,name_input,"[""recorded_name"", ""cipher_rules""]",bill_gates,symbolic_profile.kamea.ranked_planets.saturn.composite_score,0.421855,numeric
deterministic_symbolic_feature,False,kamea,kamea.mars.composite_score,name_input,"[""recorded_name"", ""cipher_rules""]",bill_gates,symbolic_profile.kamea.ranked_planets.mars.composite_score,0.394386,numeric
deterministic_symbolic_feature,False,kamea,kamea.jupiter.composite_score,name_input,"[""recorded_name"", ""cipher_rules""]",bill_gates,symbolic_profile.kamea.ranked_planets.jupiter.composite_score,0.321429,numeric
deterministic_symbolic_feature,False,kamea,kamea.mercury.composite_score,name_input,"[""recorded_name"", ""cipher_rules""]",bill_gates,symbolic_profile.kamea.ranked_planets.mercury.composite_score,0.321429,numeric
deterministic_symbolic_feature,False,kamea,kamea.moon.composite_score,name_input,"[""recorded_name"", ""cipher_rules""]",bill_gates,symbolic_profile.kamea.ranked_planets.moon.composite_score,0.321429,numeric
deterministic_symbolic_feature,False,kamea,kamea.sun.composite_score,name_input,"[""recorded_name"", ""cipher_rules""]",bill_gates,symbolic_profile.kamea.ranked_planets.sun.composite_score,0.321429,numeric
deterministic_symbolic_feature,False,kamea,kamea.venus.composite_score,name_input,"[""recorded_name"", ""cipher_rules""]",bill_gates,symbolic_profile.kamea.ranked_planets.venus.composite_score,0.321429,numeric
deterministic_symbolic_feature,False,vedic,vedic.sun.sign,birth_input,"[""birth_date"", ""birth_place""]",buzz_aldrin,temporal.natal.sidereal.planets.Sun.sign,Capricorn,categorical
deterministic_symbolic_feature,False,vedic,vedic.sun.retrograde,birth_input,"[""birth_date""]",buzz_aldrin,temporal.natal.sidereal.planets.Sun.retrograde,False,categorical
deterministic_symbolic_feature,False,vedic,vedic.moon.sign,birth_input,"[""birth_date"", ""birth_place""]",buzz_aldrin,temporal.natal.sidereal.planets.Moon.sign,Virgo,categorical
deterministic_symbolic_feature,False,vedic,vedic.moon.retrograde,birth_input,"[""birth_date""]",buzz_aldrin,temporal.natal.sidereal.planets.Moon.retrograde,False,categorical
deterministic_symbolic_feature,False,vedic,vedic.mercury.sign,birth_input,"[""birth_date"", ""birth_place""]",buzz_aldrin,temporal.natal.sidereal.planets.Mercury.sign,Capricorn,categorical
deterministic_symbolic_feature,False,vedic,vedic.mercury.retrograde,birth_input,"[""birth_date""]",buzz_aldrin,temporal.natal.sidereal.planets.Mercury.retrograde,True,categorical
deterministic_symbolic_feature,False,vedic,vedic.venus.sign,birth_input,"[""birth_date"", ""birth_place""]",buzz_aldrin,temporal.natal.sidereal.planets.Venus.sign,Capricorn,categorical
deterministic_symbolic_feature,False,vedic,vedic.venus.retrograde,birth_input,"[""birth_date""]",buzz_aldrin,temporal.natal.sidereal.planets.Venus.retrograde,False,categorical
deterministic_symbolic_feature,False,vedic,vedic.mars.sign,birth_input,"[""birth_date"", ""birth_place""]",buzz_aldrin,temporal.natal.sidereal.planets.Mars.sign,Sagittarius,categorical
deterministic_symbolic_feature,False,vedic,vedic.mars.retrograde,birth_input,"[""birth_date""]",buzz_aldrin,temporal.natal.sidereal.planets.Mars.retrograde,False,categorical
deterministic_symbolic_feature,False,vedic,vedic.jupiter.sign,birth_input,"[""birth_date"", ""birth_place""]",buzz_aldrin,temporal.natal.sidereal.planets.Jupiter.sign,Taurus,categorical
deterministic_symbolic_feature,False,vedic,vedic.jupiter.retrograde,birth_input,"[""birth_date""]",buzz_aldrin,temporal.natal.sidereal.planets.Jupiter.retrograde,True,categorical
deterministic_symbolic_feature,False,vedic,vedic.saturn.sign,birth_input,"[""birth_date"", ""birth_place""]",buzz_aldrin,temporal.natal.sidereal.planets.Saturn.sign,Sagittarius,categorical
deterministic_symbolic_feature,False,vedic,vedic.saturn.retrograde,birth_input,"[""birth_date""]",buzz_aldrin,temporal.natal.sidereal.planets.Saturn.retrograde,False,categorical
deterministic_symbolic_feature,False,vedic,vedic.rahu.sign,birth_input,"[""birth_date"", ""birth_place""]",buzz_aldrin,temporal.natal.sidereal.planets.Rahu.sign,Aries,categorical
deterministic_symbolic_feature,False,vedic,vedic.rahu.retrograde,birth_input,"[""birth_date""]",buzz_aldrin,temporal.natal.sidereal.planets.Rahu.retrograde,True,categorical
deterministic_symbolic_feature,False,vedic,vedic.ketu.sign,birth_input,"[""birth_date"", ""birth_place""]",buzz_aldrin,temporal.natal.sidereal.planets.Ketu.sign,Libra,categorical
deterministic_symbolic_feature,False,vedic,vedic.ketu.retrograde,birth_input,"[""birth_date""]",buzz_aldrin,temporal.natal.sidereal.planets.Ketu.retrograde,True,categorical
deterministic_symbolic_feature,False,numerology,numerology.life_path.number,birth_input,"[""birth_date""]",buzz_aldrin,symbolic_profile.numerology.core_numbers.life_path.number,7,categorical
deterministic_symbolic_feature,False,numerology,numerology.birthday.number,birth_input,"[""birth_date""]",buzz_aldrin,symbolic_profile.numerology.core_numbers.birthday.number,2,categorical
deterministic_symbolic_feature,False,numerology,numerology.attitude.number,birth_input,"[""birth_date""]",buzz_aldrin,symbolic_profile.numerology.core_numbers.attitude.number,3,categorical
deterministic_symbolic_feature,False,numerology,numerology.birth_month.number,birth_input,"[""birth_date""]",buzz_aldrin,symbolic_profile.numerology.core_numbers.birth_month.number,1,categorical
deterministic_symbolic_feature,False,numerology,numerology.birth_year.number,birth_input,"[""birth_date""]",buzz_aldrin,symbolic_profile.numerology.core_numbers.birth_year.number,4,categorical
deterministic_symbolic_feature,False,numerology,numerology.expression.number,name_input,"[""recorded_name""]",buzz_aldrin,symbolic_profile.numerology.core_numbers.expression.number,7,categorical
deterministic_symbolic_feature,False,numerology,numerology.soul_urge.number,name_input,"[""recorded_name""]",buzz_aldrin,symbolic_profile.numerology.core_numbers.soul_urge.number,4,categorical
deterministic_symbolic_feature,False,numerology,numerology.personality.number,name_input,"[""recorded_name""]",buzz_aldrin,symbolic_profile.numerology.core_numbers.personality.number,3,categorical
deterministic_symbolic_feature,False,numerology,numerology.balance.number,name_input,"[""recorded_name""]",buzz_aldrin,symbolic_profile.numerology.core_numbers.balance.number,3,categorical
deterministic_symbolic_feature,False,numerology,numerology.maturity.number,birth_and_name_input,"[""birth_date"", ""recorded_name""]",buzz_aldrin,symbolic_profile.numerology.core_numbers.maturity.number,5,categorical
deterministic_symbolic_feature,False,gematria,gematria.ordinal.digital_root,name_input,"[""recorded_name""]",buzz_aldrin,symbolic_profile.gematria.systems.ordinal.digital_root,7,categorical
deterministic_symbolic_feature,False,gematria,gematria.hebrew_literal.digital_root,name_input,"[""recorded_name""]",buzz_aldrin,symbolic_profile.gematria.systems.hebrew_literal.digital_root,2,categorical
deterministic_symbolic_feature,False,gematria,gematria.hebrew_phonetic.digital_root,name_input,"[""recorded_name""]",buzz_aldrin,symbolic_profile.gematria.systems.hebrew_phonetic.digital_root,2,categorical
deterministic_symbolic_feature,False,gematria,gematria.reverse_ordinal.digital_root,name_input,"[""recorded_name""]",buzz_aldrin,symbolic_profile.gematria.systems.reverse_ordinal.digital_root,2,categorical
deterministic_symbolic_feature,False,gematria,gematria.cross_system.distinct_root_count,name_input,"[""recorded_name""]",buzz_aldrin,symbolic_profile.gematria.cross_system.distinct_root_count,2,numeric
deterministic_symbolic_feature,False,gematria,gematria.cross_system.exact_root_convergence,name_input,"[""recorded_name""]",buzz_aldrin,symbolic_profile.gematria.cross_system.exact_root_convergence,False,categorical
deterministic_symbolic_feature,False,kamea,kamea.top_planet,name_input,"[""recorded_name"", ""cipher_rules""]",buzz_aldrin,symbolic_profile.kamea.ranked_planets[0].planet,mars,categorical
deterministic_symbolic_feature,False,kamea,kamea.mars.composite_score,name_input,"[""recorded_name"", ""cipher_rules""]",buzz_aldrin,symbolic_profile.kamea.ranked_planets.mars.composite_score,0.361332,numeric
deterministic_symbolic_feature,False,kamea,kamea.saturn.composite_score,name_input,"[""recorded_name"", ""cipher_rules""]",buzz_aldrin,symbolic_profile.kamea.ranked_planets.saturn.composite_score,0.359494,numeric
deterministic_symbolic_feature,False,kamea,kamea.venus.composite_score,name_input,"[""recorded_name"", ""cipher_rules""]",buzz_aldrin,symbolic_profile.kamea.ranked_planets.venus.composite_score,0.350897,numeric
deterministic_symbolic_feature,False,kamea,kamea.jupiter.composite_score,name_input,"[""recorded_name"", ""cipher_rules""]",buzz_aldrin,symbolic_profile.kamea.ranked_planets.jupiter.composite_score,0.348104,numeric
deterministic_symbolic_feature,False,kamea,kamea.mercury.composite_score,name_input,"[""recorded_name"", ""cipher_rules""]",buzz_aldrin,symbolic_profile.kamea.ranked_planets.mercury.composite_score,0.310185,numeric
deterministic_symbolic_feature,False,kamea,kamea.moon.composite_score,name_input,"[""recorded_name"", ""cipher_rules""]",buzz_aldrin,symbolic_profile.kamea.ranked_planets.moon.composite_score,0.310185,numeric
deterministic_symbolic_feature,False,kamea,kamea.sun.composite_score,name_input,"[""recorded_name"", ""cipher_rules""]",buzz_aldrin,symbolic_profile.kamea.ranked_planets.sun.composite_score,0.310185,numeric
deterministic_symbolic_feature,False,vedic,vedic.sun.sign,birth_input,"[""birth_date"", ""birth_place""]",martin_luther_king_jr,temporal.natal.sidereal.planets.Sun.sign,Capricorn,categorical
deterministic_symbolic_feature,False,vedic,vedic.sun.retrograde,birth_input,"[""birth_date""]",martin_luther_king_jr,temporal.natal.sidereal.planets.Sun.retrograde,False,categorical
deterministic_symbolic_feature,False,vedic,vedic.moon.sign,birth_input,"[""birth_date"", ""birth_place""]",martin_luther_king_jr,temporal.natal.sidereal.planets.Moon.sign,Aquarius,categorical
deterministic_symbolic_feature,False,vedic,vedic.moon.retrograde,birth_input,"[""birth_date""]",martin_luther_king_jr,temporal.natal.sidereal.planets.Moon.retrograde,False,categorical
deterministic_symbolic_feature,False,vedic,vedic.mercury.sign,birth_input,"[""birth_date"", ""birth_place""]",martin_luther_king_jr,temporal.natal.sidereal.planets.Mercury.sign,Capricorn,categorical
deterministic_symbolic_feature,False,vedic,vedic.mercury.retrograde,birth_input,"[""birth_date""]",martin_luther_king_jr,temporal.natal.sidereal.planets.Mercury.retrograde,False,categorical
deterministic_symbolic_feature,False,vedic,vedic.venus.sign,birth_input,"[""birth_date"", ""birth_place""]",martin_luther_king_jr,temporal.natal.sidereal.planets.Venus.sign,Aquarius,categorical
deterministic_symbolic_feature,False,vedic,vedic.venus.retrograde,birth_input,"[""birth_date""]",martin_luther_king_jr,temporal.natal.sidereal.planets.Venus.retrograde,False,categorical
deterministic_symbolic_feature,False,vedic,vedic.mars.sign,birth_input,"[""birth_date"", ""birth_place""]",martin_luther_king_jr,temporal.natal.sidereal.planets.Mars.sign,Taurus,categorical
deterministic_symbolic_feature,False,vedic,vedic.mars.retrograde,birth_input,"[""birth_date""]",martin_luther_king_jr,temporal.natal.sidereal.planets.Mars.retrograde,True,categorical
deterministic_symbolic_feature,False,vedic,vedic.jupiter.sign,birth_input,"[""birth_date"", ""birth_place""]",martin_luther_king_jr,temporal.natal.sidereal.planets.Jupiter.sign,Aries,categorical
deterministic_symbolic_feature,False,vedic,vedic.jupiter.retrograde,birth_input,"[""birth_date""]",martin_luther_king_jr,temporal.natal.sidereal.planets.Jupiter.retrograde,False,categorical
deterministic_symbolic_feature,False,vedic,vedic.saturn.sign,birth_input,"[""birth_date"", ""birth_place""]",martin_luther_king_jr,temporal.natal.sidereal.planets.Saturn.sign,Sagittarius,categorical
deterministic_symbolic_feature,False,vedic,vedic.saturn.retrograde,birth_input,"[""birth_date""]",martin_luther_king_jr,temporal.natal.sidereal.planets.Saturn.retrograde,False,categorical
deterministic_symbolic_feature,False,vedic,vedic.rahu.sign,birth_input,"[""birth_date"", ""birth_place""]",martin_luther_king_jr,temporal.natal.sidereal.planets.Rahu.sign,Taurus,categorical
deterministic_symbolic_feature,False,vedic,vedic.rahu.retrograde,birth_input,"[""birth_date""]",martin_luther_king_jr,temporal.natal.sidereal.planets.Rahu.retrograde,True,categorical
deterministic_symbolic_feature,False,vedic,vedic.ketu.sign,birth_input,"[""birth_date"", ""birth_place""]",martin_luther_king_jr,temporal.natal.sidereal.planets.Ketu.sign,Scorpio,categorical
deterministic_symbolic_feature,False,vedic,vedic.ketu.retrograde,birth_input,"[""birth_date""]",martin_luther_king_jr,temporal.natal.sidereal.planets.Ketu.retrograde,True,categorical
deterministic_symbolic_feature,False,numerology,numerology.life_path.number,birth_input,"[""birth_date""]",martin_luther_king_jr,symbolic_profile.numerology.core_numbers.life_path.number,1,categorical
deterministic_symbolic_feature,False,numerology,numerology.birthday.number,birth_input,"[""birth_date""]",martin_luther_king_jr,symbolic_profile.numerology.core_numbers.birthday.number,6,categorical
deterministic_symbolic_feature,False,numerology,numerology.attitude.number,birth_input,"[""birth_date""]",martin_luther_king_jr,symbolic_profile.numerology.core_numbers.attitude.number,7,categorical
deterministic_symbolic_feature,False,numerology,numerology.birth_month.number,birth_input,"[""birth_date""]",martin_luther_king_jr,symbolic_profile.numerology.core_numbers.birth_month.number,1,categorical
deterministic_symbolic_feature,False,numerology,numerology.birth_year.number,birth_input,"[""birth_date""]",martin_luther_king_jr,symbolic_profile.numerology.core_numbers.birth_year.number,3,categorical
deterministic_symbolic_feature,False,numerology,numerology.expression.number,name_input,"[""recorded_name""]",martin_luther_king_jr,symbolic_profile.numerology.core_numbers.expression.number,3,categorical
deterministic_symbolic_feature,False,numerology,numerology.soul_urge.number,name_input,"[""recorded_name""]",martin_luther_king_jr,symbolic_profile.numerology.core_numbers.soul_urge.number,9,categorical
deterministic_symbolic_feature,False,numerology,numerology.personality.number,name_input,"[""recorded_name""]",martin_luther_king_jr,symbolic_profile.numerology.core_numbers.personality.number,3,categorical
deterministic_symbolic_feature,False,numerology,numerology.balance.number,name_input,"[""recorded_name""]",martin_luther_king_jr,symbolic_profile.numerology.core_numbers.balance.number,1,categorical
deterministic_symbolic_feature,False,numerology,numerology.maturity.number,birth_and_name_input,"[""birth_date"", ""recorded_name""]",martin_luther_king_jr,symbolic_profile.numerology.core_numbers.maturity.number,4,categorical
deterministic_symbolic_feature,False,gematria,gematria.ordinal.digital_root,name_input,"[""recorded_name""]",martin_luther_king_jr,symbolic_profile.gematria.systems.ordinal.digital_root,3,categorical
deterministic_symbolic_feature,False,gematria,gematria.hebrew_literal.digital_root,name_input,"[""recorded_name""]",martin_luther_king_jr,symbolic_profile.gematria.systems.hebrew_literal.digital_root,5,categorical
deterministic_symbolic_feature,False,gematria,gematria.hebrew_phonetic.digital_root,name_input,"[""recorded_name""]",martin_luther_king_jr,symbolic_profile.gematria.systems.hebrew_phonetic.digital_root,3,categorical
deterministic_symbolic_feature,False,gematria,gematria.reverse_ordinal.digital_root,name_input,"[""recorded_name""]",martin_luther_king_jr,symbolic_profile.gematria.systems.reverse_ordinal.digital_root,6,categorical
deterministic_symbolic_feature,False,gematria,gematria.cross_system.distinct_root_count,name_input,"[""recorded_name""]",martin_luther_king_jr,symbolic_profile.gematria.cross_system.distinct_root_count,3,numeric
deterministic_symbolic_feature,False,gematria,gematria.cross_system.exact_root_convergence,name_input,"[""recorded_name""]",martin_luther_king_jr,symbolic_profile.gematria.cross_system.exact_root_convergence,False,categorical
deterministic_symbolic_feature,False,kamea,kamea.top_planet,name_input,"[""recorded_name"", ""cipher_rules""]",martin_luther_king_jr,symbolic_profile.kamea.ranked_planets[0].planet,saturn,categorical
deterministic_symbolic_feature,False,kamea,kamea.saturn.composite_score,name_input,"[""recorded_name"", ""cipher_rules""]",martin_luther_king_jr,symbolic_profile.kamea.ranked_planets.saturn.composite_score,0.474511,numeric
deterministic_symbolic_feature,False,kamea,kamea.mars.composite_score,name_input,"[""recorded_name"", ""cipher_rules""]",martin_luther_king_jr,symbolic_profile.kamea.ranked_planets.mars.composite_score,0.410301,numeric
deterministic_symbolic_feature,False,kamea,kamea.jupiter.composite_score,name_input,"[""recorded_name"", ""cipher_rules""]",martin_luther_king_jr,symbolic_profile.kamea.ranked_planets.jupiter.composite_score,0.376686,numeric
deterministic_symbolic_feature,False,kamea,kamea.sun.composite_score,name_input,"[""recorded_name"", ""cipher_rules""]",martin_luther_king_jr,symbolic_profile.kamea.ranked_planets.sun.composite_score,0.362667,numeric
deterministic_symbolic_feature,False,kamea,kamea.mercury.composite_score,name_input,"[""recorded_name"", ""cipher_rules""]",martin_luther_king_jr,symbolic_profile.kamea.ranked_planets.mercury.composite_score,0.341864,numeric
deterministic_symbolic_feature,False,kamea,kamea.venus.composite_score,name_input,"[""recorded_name"", ""cipher_rules""]",martin_luther_king_jr,symbolic_profile.kamea.ranked_planets.venus.composite_score,0.33946,numeric
deterministic_symbolic_feature,False,kamea,kamea.moon.composite_score,name_input,"[""recorded_name"", ""cipher_rules""]",martin_luther_king_jr,symbolic_profile.kamea.ranked_planets.moon.composite_score,0.330729,numeric
deterministic_symbolic_feature,False,vedic,vedic.sun.sign,birth_input,"[""birth_date"", ""birth_place""]",neil_armstrong,temporal.natal.sidereal.planets.Sun.sign,Cancer,categorical
deterministic_symbolic_feature,False,vedic,vedic.sun.retrograde,birth_input,"[""birth_date""]",neil_armstrong,temporal.natal.sidereal.planets.Sun.retrograde,False,categorical
deterministic_symbolic_feature,False,vedic,vedic.moon.sign,birth_input,"[""birth_date"", ""birth_place""]",neil_armstrong,temporal.natal.sidereal.planets.Moon.sign,Sagittarius,categorical
deterministic_symbolic_feature,False,vedic,vedic.moon.retrograde,birth_input,"[""birth_date""]",neil_armstrong,temporal.natal.sidereal.planets.Moon.retrograde,False,categorical
deterministic_symbolic_feature,False,vedic,vedic.mercury.sign,birth_input,"[""birth_date"", ""birth_place""]",neil_armstrong,temporal.natal.sidereal.planets.Mercury.sign,Leo,categorical
deterministic_symbolic_feature,False,vedic,vedic.mercury.retrograde,birth_input,"[""birth_date""]",neil_armstrong,temporal.natal.sidereal.planets.Mercury.retrograde,False,categorical
deterministic_symbolic_feature,False,vedic,vedic.venus.sign,birth_input,"[""birth_date"", ""birth_place""]",neil_armstrong,temporal.natal.sidereal.planets.Venus.sign,Virgo,categorical
deterministic_symbolic_feature,False,vedic,vedic.venus.retrograde,birth_input,"[""birth_date""]",neil_armstrong,temporal.natal.sidereal.planets.Venus.retrograde,False,categorical
deterministic_symbolic_feature,False,vedic,vedic.mars.sign,birth_input,"[""birth_date"", ""birth_place""]",neil_armstrong,temporal.natal.sidereal.planets.Mars.sign,Taurus,categorical
deterministic_symbolic_feature,False,vedic,vedic.mars.retrograde,birth_input,"[""birth_date""]",neil_armstrong,temporal.natal.sidereal.planets.Mars.retrograde,False,categorical
deterministic_symbolic_feature,False,vedic,vedic.jupiter.sign,birth_input,"[""birth_date"", ""birth_place""]",neil_armstrong,temporal.natal.sidereal.planets.Jupiter.sign,Gemini,categorical
deterministic_symbolic_feature,False,vedic,vedic.jupiter.retrograde,birth_input,"[""birth_date""]",neil_armstrong,temporal.natal.sidereal.planets.Jupiter.retrograde,False,categorical
deterministic_symbolic_feature,False,vedic,vedic.saturn.sign,birth_input,"[""birth_date"", ""birth_place""]",neil_armstrong,temporal.natal.sidereal.planets.Saturn.sign,Sagittarius,categorical
deterministic_symbolic_feature,False,vedic,vedic.saturn.retrograde,birth_input,"[""birth_date""]",neil_armstrong,temporal.natal.sidereal.planets.Saturn.retrograde,True,categorical
deterministic_symbolic_feature,False,vedic,vedic.rahu.sign,birth_input,"[""birth_date"", ""birth_place""]",neil_armstrong,temporal.natal.sidereal.planets.Rahu.sign,Aries,categorical
deterministic_symbolic_feature,False,vedic,vedic.rahu.retrograde,birth_input,"[""birth_date""]",neil_armstrong,temporal.natal.sidereal.planets.Rahu.retrograde,True,categorical
deterministic_symbolic_feature,False,vedic,vedic.ketu.sign,birth_input,"[""birth_date"", ""birth_place""]",neil_armstrong,temporal.natal.sidereal.planets.Ketu.sign,Libra,categorical
deterministic_symbolic_feature,False,vedic,vedic.ketu.retrograde,birth_input,"[""birth_date""]",neil_armstrong,temporal.natal.sidereal.planets.Ketu.retrograde,True,categorical
deterministic_symbolic_feature,False,numerology,numerology.life_path.number,birth_input,"[""birth_date""]",neil_armstrong,symbolic_profile.numerology.core_numbers.life_path.number,8,categorical
deterministic_symbolic_feature,False,numerology,numerology.birthday.number,birth_input,"[""birth_date""]",neil_armstrong,symbolic_profile.numerology.core_numbers.birthday.number,5,categorical
deterministic_symbolic_feature,False,numerology,numerology.attitude.number,birth_input,"[""birth_date""]",neil_armstrong,symbolic_profile.numerology.core_numbers.attitude.number,4,categorical
deterministic_symbolic_feature,False,numerology,numerology.birth_month.number,birth_input,"[""birth_date""]",neil_armstrong,symbolic_profile.numerology.core_numbers.birth_month.number,8,categorical
deterministic_symbolic_feature,False,numerology,numerology.birth_year.number,birth_input,"[""birth_date""]",neil_armstrong,symbolic_profile.numerology.core_numbers.birth_year.number,4,categorical
deterministic_symbolic_feature,False,numerology,numerology.expression.number,name_input,"[""recorded_name""]",neil_armstrong,symbolic_profile.numerology.core_numbers.expression.number,3,categorical
deterministic_symbolic_feature,False,numerology,numerology.soul_urge.number,name_input,"[""recorded_name""]",neil_armstrong,symbolic_profile.numerology.core_numbers.soul_urge.number,3,categorical
deterministic_symbolic_feature,False,numerology,numerology.personality.number,name_input,"[""recorded_name""]",neil_armstrong,symbolic_profile.numerology.core_numbers.personality.number,9,categorical
deterministic_symbolic_feature,False,numerology,numerology.balance.number,name_input,"[""recorded_name""]",neil_armstrong,symbolic_profile.numerology.core_numbers.balance.number,6,categorical
deterministic_symbolic_feature,False,numerology,numerology.maturity.number,birth_and_name_input,"[""birth_date"", ""recorded_name""]",neil_armstrong,symbolic_profile.numerology.core_numbers.maturity.number,11,categorical
deterministic_symbolic_feature,False,gematria,gematria.ordinal.digital_root,name_input,"[""recorded_name""]",neil_armstrong,symbolic_profile.gematria.systems.ordinal.digital_root,3,categorical
deterministic_symbolic_feature,False,gematria,gematria.hebrew_literal.digital_root,name_input,"[""recorded_name""]",neil_armstrong,symbolic_profile.gematria.systems.hebrew_literal.digital_root,3,categorical
deterministic_symbolic_feature,False,gematria,gematria.hebrew_phonetic.digital_root,name_input,"[""recorded_name""]",neil_armstrong,symbolic_profile.gematria.systems.hebrew_phonetic.digital_root,9,categorical
deterministic_symbolic_feature,False,gematria,gematria.reverse_ordinal.digital_root,name_input,"[""recorded_name""]",neil_armstrong,symbolic_profile.gematria.systems.reverse_ordinal.digital_root,6,categorical
deterministic_symbolic_feature,False,gematria,gematria.cross_system.distinct_root_count,name_input,"[""recorded_name""]",neil_armstrong,symbolic_profile.gematria.cross_system.distinct_root_count,3,numeric
deterministic_symbolic_feature,False,gematria,gematria.cross_system.exact_root_convergence,name_input,"[""recorded_name""]",neil_armstrong,symbolic_profile.gematria.cross_system.exact_root_convergence,False,categorical
deterministic_symbolic_feature,False,kamea,kamea.top_planet,name_input,"[""recorded_name"", ""cipher_rules""]",neil_armstrong,symbolic_profile.kamea.ranked_planets[0].planet,saturn,categorical
deterministic_symbolic_feature,False,kamea,kamea.saturn.composite_score,name_input,"[""recorded_name"", ""cipher_rules""]",neil_armstrong,symbolic_profile.kamea.ranked_planets.saturn.composite_score,0.427589,numeric
deterministic_symbolic_feature,False,kamea,kamea.mars.composite_score,name_input,"[""recorded_name"", ""cipher_rules""]",neil_armstrong,symbolic_profile.kamea.ranked_planets.mars.composite_score,0.418668,numeric
deterministic_symbolic_feature,False,kamea,kamea.sun.composite_score,name_input,"[""recorded_name"", ""cipher_rules""]",neil_armstrong,symbolic_profile.kamea.ranked_planets.sun.composite_score,0.340675,numeric
deterministic_symbolic_feature,False,kamea,kamea.jupiter.composite_score,name_input,"[""recorded_name"", ""cipher_rules""]",neil_armstrong,symbolic_profile.kamea.ranked_planets.jupiter.composite_score,0.332856,numeric
deterministic_symbolic_feature,False,kamea,kamea.venus.composite_score,name_input,"[""recorded_name"", ""cipher_rules""]",neil_armstrong,symbolic_profile.kamea.ranked_planets.venus.composite_score,0.316796,numeric
deterministic_symbolic_feature,False,kamea,kamea.mercury.composite_score,name_input,"[""recorded_name"", ""cipher_rules""]",neil_armstrong,symbolic_profile.kamea.ranked_planets.mercury.composite_score,0.303966,numeric
deterministic_symbolic_feature,False,kamea,kamea.moon.composite_score,name_input,"[""recorded_name"", ""cipher_rules""]",neil_armstrong,symbolic_profile.kamea.ranked_planets.moon.composite_score,0.303966,numeric
deterministic_symbolic_feature,False,vedic,vedic.sun.sign,birth_input,"[""birth_date"", ""birth_place""]",nelson_mandela,temporal.natal.sidereal.planets.Sun.sign,Cancer,categorical
deterministic_symbolic_feature,False,vedic,vedic.sun.retrograde,birth_input,"[""birth_date""]",nelson_mandela,temporal.natal.sidereal.planets.Sun.retrograde,False,categorical
deterministic_symbolic_feature,False,vedic,vedic.moon.sign,birth_input,"[""birth_date"", ""birth_place""]",nelson_mandela,temporal.natal.sidereal.planets.Moon.sign,Libra,categorical
deterministic_symbolic_feature,False,vedic,vedic.moon.retrograde,birth_input,"[""birth_date""]",nelson_mandela,temporal.natal.sidereal.planets.Moon.retrograde,False,categorical
deterministic_symbolic_feature,False,vedic,vedic.mercury.sign,birth_input,"[""birth_date"", ""birth_place""]",nelson_mandela,temporal.natal.sidereal.planets.Mercury.sign,Cancer,categorical
deterministic_symbolic_feature,False,vedic,vedic.mercury.retrograde,birth_input,"[""birth_date""]",nelson_mandela,temporal.natal.sidereal.planets.Mercury.retrograde,False,categorical
deterministic_symbolic_feature,False,vedic,vedic.venus.sign,birth_input,"[""birth_date"", ""birth_place""]",nelson_mandela,temporal.natal.sidereal.planets.Venus.sign,Taurus,categorical
deterministic_symbolic_feature,False,vedic,vedic.venus.retrograde,birth_input,"[""birth_date""]",nelson_mandela,temporal.natal.sidereal.planets.Venus.retrograde,False,categorical
deterministic_symbolic_feature,False,vedic,vedic.mars.sign,birth_input,"[""birth_date"", ""birth_place""]",nelson_mandela,temporal.natal.sidereal.planets.Mars.sign,Virgo,categorical
deterministic_symbolic_feature,False,vedic,vedic.mars.retrograde,birth_input,"[""birth_date""]",nelson_mandela,temporal.natal.sidereal.planets.Mars.retrograde,False,categorical
deterministic_symbolic_feature,False,vedic,vedic.jupiter.sign,birth_input,"[""birth_date"", ""birth_place""]",nelson_mandela,temporal.natal.sidereal.planets.Jupiter.sign,Gemini,categorical
deterministic_symbolic_feature,False,vedic,vedic.jupiter.retrograde,birth_input,"[""birth_date""]",nelson_mandela,temporal.natal.sidereal.planets.Jupiter.retrograde,False,categorical
deterministic_symbolic_feature,False,vedic,vedic.saturn.sign,birth_input,"[""birth_date"", ""birth_place""]",nelson_mandela,temporal.natal.sidereal.planets.Saturn.sign,Cancer,categorical
deterministic_symbolic_feature,False,vedic,vedic.saturn.retrograde,birth_input,"[""birth_date""]",nelson_mandela,temporal.natal.sidereal.planets.Saturn.retrograde,False,categorical
deterministic_symbolic_feature,False,vedic,vedic.rahu.sign,birth_input,"[""birth_date"", ""birth_place""]",nelson_mandela,temporal.natal.sidereal.planets.Rahu.sign,Scorpio,categorical
deterministic_symbolic_feature,False,vedic,vedic.rahu.retrograde,birth_input,"[""birth_date""]",nelson_mandela,temporal.natal.sidereal.planets.Rahu.retrograde,True,categorical
deterministic_symbolic_feature,False,vedic,vedic.ketu.sign,birth_input,"[""birth_date"", ""birth_place""]",nelson_mandela,temporal.natal.sidereal.planets.Ketu.sign,Taurus,categorical
deterministic_symbolic_feature,False,vedic,vedic.ketu.retrograde,birth_input,"[""birth_date""]",nelson_mandela,temporal.natal.sidereal.planets.Ketu.retrograde,True,categorical
deterministic_symbolic_feature,False,numerology,numerology.life_path.number,birth_input,"[""birth_date""]",nelson_mandela,symbolic_profile.numerology.core_numbers.life_path.number,8,categorical
deterministic_symbolic_feature,False,numerology,numerology.birthday.number,birth_input,"[""birth_date""]",nelson_mandela,symbolic_profile.numerology.core_numbers.birthday.number,9,categorical
deterministic_symbolic_feature,False,numerology,numerology.attitude.number,birth_input,"[""birth_date""]",nelson_mandela,symbolic_profile.numerology.core_numbers.attitude.number,7,categorical
deterministic_symbolic_feature,False,numerology,numerology.birth_month.number,birth_input,"[""birth_date""]",nelson_mandela,symbolic_profile.numerology.core_numbers.birth_month.number,7,categorical
deterministic_symbolic_feature,False,numerology,numerology.birth_year.number,birth_input,"[""birth_date""]",nelson_mandela,symbolic_profile.numerology.core_numbers.birth_year.number,1,categorical
deterministic_symbolic_feature,False,numerology,numerology.expression.number,name_input,"[""recorded_name""]",nelson_mandela,symbolic_profile.numerology.core_numbers.expression.number,3,categorical
deterministic_symbolic_feature,False,numerology,numerology.soul_urge.number,name_input,"[""recorded_name""]",nelson_mandela,symbolic_profile.numerology.core_numbers.soul_urge.number,9,categorical
deterministic_symbolic_feature,False,numerology,numerology.personality.number,name_input,"[""recorded_name""]",nelson_mandela,symbolic_profile.numerology.core_numbers.personality.number,3,categorical
deterministic_symbolic_feature,False,numerology,numerology.balance.number,name_input,"[""recorded_name""]",nelson_mandela,symbolic_profile.numerology.core_numbers.balance.number,9,categorical
deterministic_symbolic_feature,False,numerology,numerology.maturity.number,birth_and_name_input,"[""birth_date"", ""recorded_name""]",nelson_mandela,symbolic_profile.numerology.core_numbers.maturity.number,11,categorical
deterministic_symbolic_feature,False,gematria,gematria.ordinal.digital_root,name_input,"[""recorded_name""]",nelson_mandela,symbolic_profile.gematria.systems.ordinal.digital_root,3,categorical
deterministic_symbolic_feature,False,gematria,gematria.hebrew_literal.digital_root,name_input,"[""recorded_name""]",nelson_mandela,symbolic_profile.gematria.systems.hebrew_literal.digital_root,9,categorical
deterministic_symbolic_feature,False,gematria,gematria.hebrew_phonetic.digital_root,name_input,"[""recorded_name""]",nelson_mandela,symbolic_profile.gematria.systems.hebrew_phonetic.digital_root,9,categorical
deterministic_symbolic_feature,False,gematria,gematria.reverse_ordinal.digital_root,name_input,"[""recorded_name""]",nelson_mandela,symbolic_profile.gematria.systems.reverse_ordinal.digital_root,6,categorical
deterministic_symbolic_feature,False,gematria,gematria.cross_system.distinct_root_count,name_input,"[""recorded_name""]",nelson_mandela,symbolic_profile.gematria.cross_system.distinct_root_count,3,numeric
deterministic_symbolic_feature,False,gematria,gematria.cross_system.exact_root_convergence,name_input,"[""recorded_name""]",nelson_mandela,symbolic_profile.gematria.cross_system.exact_root_convergence,False,categorical
deterministic_symbolic_feature,False,kamea,kamea.top_planet,name_input,"[""recorded_name"", ""cipher_rules""]",nelson_mandela,symbolic_profile.kamea.ranked_planets[0].planet,saturn,categorical
deterministic_symbolic_feature,False,kamea,kamea.saturn.composite_score,name_input,"[""recorded_name"", ""cipher_rules""]",nelson_mandela,symbolic_profile.kamea.ranked_planets.saturn.composite_score,0.535418,numeric
deterministic_symbolic_feature,False,kamea,kamea.venus.composite_score,name_input,"[""recorded_name"", ""cipher_rules""]",nelson_mandela,symbolic_profile.kamea.ranked_planets.venus.composite_score,0.428848,numeric
deterministic_symbolic_feature,False,kamea,kamea.sun.composite_score,name_input,"[""recorded_name"", ""cipher_rules""]",nelson_mandela,symbolic_profile.kamea.ranked_planets.sun.composite_score,0.411965,numeric
deterministic_symbolic_feature,False,kamea,kamea.mars.composite_score,name_input,"[""recorded_name"", ""cipher_rules""]",nelson_mandela,symbolic_profile.kamea.ranked_planets.mars.composite_score,0.409736,numeric
deterministic_symbolic_feature,False,kamea,kamea.jupiter.composite_score,name_input,"[""recorded_name"", ""cipher_rules""]",nelson_mandela,symbolic_profile.kamea.ranked_planets.jupiter.composite_score,0.38563,numeric
deterministic_symbolic_feature,False,kamea,kamea.mercury.composite_score,name_input,"[""recorded_name"", ""cipher_rules""]",nelson_mandela,symbolic_profile.kamea.ranked_planets.mercury.composite_score,0.38563,numeric
deterministic_symbolic_feature,False,kamea,kamea.moon.composite_score,name_input,"[""recorded_name"", ""cipher_rules""]",nelson_mandela,symbolic_profile.kamea.ranked_planets.moon.composite_score,0.38563,numeric
