hypothesis_id,family,alpha_score,passed_min_trades,description,signal_asset_rule,hold_period,direction,raw_trade_count,raw_win_rate,raw_avg_return,raw_median_return,raw_std_return,raw_min_return,raw_max_return,raw_gross_profit,raw_gross_loss,raw_profit_factor,raw_sharpe_like,raw_sortino_like,raw_final_equity,raw_total_return,raw_max_drawdown,raw_recovery_factor,raw_expectancy,non_overlap_trade_count,non_overlap_win_rate,non_overlap_avg_return,non_overlap_median_return,non_overlap_std_return,non_overlap_min_return,non_overlap_max_return,non_overlap_gross_profit,non_overlap_gross_loss,non_overlap_profit_factor,non_overlap_sharpe_like,non_overlap_sortino_like,non_overlap_final_equity,non_overlap_total_return,non_overlap_max_drawdown,non_overlap_recovery_factor,non_overlap_expectancy,asset_concentration,asset_counts
topology_low_density_leader_72,topology,5.893153,True,Long 72-period leader when correlation graph density is low.,leader_asset_72,72,LONG,633,0.71406,0.59543661,0.43922732,0.94337678,-0.6210063,4.51286557,437.97926935,61.06789698,7.172005,15.880062,96.82851,2.5801352979763855e+83,2.5801352979763855e+83,-1.0,2.5801352979763855e+83,0.59543661,224,0.714286,0.60674584,0.43690368,0.96703104,-0.60272562,4.11704293,157.75035464,21.83928691,7.223237,9.390536,55.581647,4.468510344726137e+29,4.468510344726137e+29,-0.99999828,4.468518012997959e+29,0.60674584,0.663507,"{'SOL-USD': 420, 'BTC-USD': 123, 'ETH-USD': 90}"
leader_persistence_288_8,leadership,4.13712,True,Long leader when leadership persists for at least 8 bars over 288.,leader_asset_288,288,LONG,1540,0.676623,1.09262675,0.27206468,3.00215612,-0.8972573,27.45738499,1938.84630031,256.20110466,7.567673,14.282325,132.3601,2.3121589035354367e+120,2.3121589035354367e+120,-1.0,2.3121589035354367e+120,1.09262675,136,0.691176,1.23231271,0.27055276,3.43449108,-0.8694301,27.14028379,188.55642199,20.96189373,8.9952,4.18435,43.370571,28584171037146.676,28584171037145.676,-1.0,28584171037145.68,1.23231271,0.570779,"{'SOL-USD': 879, 'BTC-USD': 407, 'ETH-USD': 254}"
momentum_top_rank_72_q75,momentum,4.06169,True,Long strongest-ranked asset when 72-period return is above q75 threshold.,asset_with_min_rank_return_72,72,LONG,871,0.61194,0.43058575,0.22394951,0.82318923,-0.64978076,4.51286557,454.75159608,79.71140497,5.704975,15.437219,79.089835,1.2638086242276396e+83,1.2638086242276396e+83,-1.0,1.2638086242276415e+83,0.43058575,310,0.6,0.43469049,0.21050419,0.83351854,-0.64978076,4.11704293,163.75258671,28.99853582,5.646926,9.182178,45.378387,2.348770289088131e+29,2.348770289088131e+29,-0.99999496,2.3487821165609603e+29,0.43469049,0.659013,"{'SOL-USD': 574, 'ETH-USD': 196, 'BTC-USD': 101}"
momentum_top_rank_72_q50,momentum,3.35111,True,Long strongest-ranked asset when 72-period return is above q50 threshold.,asset_with_min_rank_return_72,72,LONG,1344,0.572917,0.37929796,0.08888538,0.85956618,-0.69268408,4.80183044,651.24980319,141.47334423,4.603339,16.177106,82.257898,1.403457114703245e+98,1.403457114703245e+98,-1.0,1.403457114703245e+98,0.37929796,490,0.567347,0.37945142,0.09158115,0.87535633,-0.69268408,4.42286952,237.59809614,51.66690207,4.598652,9.595538,48.498093,1.3831465227133227e+35,1.3831465227133227e+35,-0.99999992,1.3831466391173848e+35,0.37945142,0.576637,"{'SOL-USD': 775, 'ETH-USD': 310, 'BTC-USD': 259}"
breadth_positive_72_0_66,breadth,3.070836,True,Long leader when 66%+ of assets are positive over 72.,leader_asset_72,72,LONG,1277,0.570869,0.3542796,0.08539195,0.8277188,-0.69268408,4.51286557,588.20271424,135.78766921,4.331783,15.295327,74.208961,1.98825870629594e+86,1.98825870629594e+86,-1.0,1.98825870629594e+86,0.3542796,475,0.562105,0.34891834,0.0877775,0.83790327,-0.69268408,4.11704293,216.97741093,51.24119784,4.234433,9.075629,43.487504,5.364110617558244e+30,5.364110617558244e+30,-0.99999987,5.364111296294039e+30,0.34891834,0.581832,"{'SOL-USD': 743, 'ETH-USD': 291, 'BTC-USD': 243}"
breadth_positive_72_0_5,breadth,3.061974,True,Long leader when 50%+ of assets are positive over 72.,leader_asset_72,72,LONG,1293,0.573086,0.35152689,0.08568239,0.82314704,-0.69268408,4.51286557,590.50891299,135.98463891,4.342468,15.356081,73.992501,1.2303905022599052e+87,1.2303905022599052e+87,-1.0,1.2303905022599052e+87,0.35152689,481,0.565489,0.34682982,0.0877775,0.83317842,-0.69268408,4.11704293,218.14597427,51.32083177,4.250632,9.129583,43.509334,1.3341427257085372e+31,1.3341427257085372e+31,-0.99999987,1.334142894521317e+31,0.34682982,0.574633,"{'SOL-USD': 743, 'ETH-USD': 294, 'BTC-USD': 256}"
breadth_dispersion_breakout_24,breadth,3.009334,True,Long leader when cross-sectional spread is elevated over 24.,leader_asset_24,24,LONG,489,0.619632,0.29140065,0.11056451,0.56605055,-0.58356319,3.05772129,174.02176016,31.52683999,5.519797,11.383865,49.514031,1.1129221029791054e+37,1.1129221029791054e+37,-0.99988643,1.1130485127858055e+37,0.29140065,489,0.619632,0.29140065,0.11056451,0.56605055,-0.58356319,3.05772129,174.02176016,31.52683999,5.519797,11.383865,49.514031,1.1129221029791038e+37,1.1129221029791038e+37,-0.99975049,1.1131998610382466e+37,0.29140065,0.672802,"{'SOL-USD': 329, 'ETH-USD': 93, 'BTC-USD': 67}"
breadth_positive_72_0_8,breadth,2.856166,True,Long leader when 80%+ of assets are positive over 72.,leader_asset_72,72,LONG,963,0.553479,0.3381266,0.06810408,0.8456556,-0.69268408,4.51286557,430.40989125,104.79397863,4.107201,12.407919,60.992078,9.60365358774588e+58,9.60365358774588e+58,-1.0,9.60365358774588e+58,0.3381266,365,0.550685,0.33502806,0.06706516,0.84337297,-0.68704699,4.11704293,161.36046294,39.07521931,4.129483,7.589409,37.073435,1.3893139716427649e+22,1.3893139716427649e+22,-0.9999903,1.3893274535930314e+22,0.33502806,0.639668,"{'SOL-USD': 616, 'ETH-USD': 233, 'BTC-USD': 114}"
breadth_positive_72_1_0,breadth,2.856166,True,Long leader when 100%+ of assets are positive over 72.,leader_asset_72,72,LONG,963,0.553479,0.3381266,0.06810408,0.8456556,-0.69268408,4.51286557,430.40989125,104.79397863,4.107201,12.407919,60.992078,9.60365358774588e+58,9.60365358774588e+58,-1.0,9.60365358774588e+58,0.3381266,365,0.550685,0.33502806,0.06706516,0.84337297,-0.68704699,4.11704293,161.36046294,39.07521931,4.129483,7.589409,37.073435,1.3893139716427649e+22,1.3893139716427649e+22,-0.9999903,1.3893274535930314e+22,0.33502806,0.639668,"{'SOL-USD': 616, 'ETH-USD': 233, 'BTC-USD': 114}"
leader_persistence_288_3,leadership,2.847485,True,Long leader when leadership persists for at least 3 bars over 288.,leader_asset_288,288,LONG,1643,0.686549,1.20282013,0.28328322,3.43295679,-0.8972573,36.84813127,2235.24187708,259.00840175,8.629998,14.202053,149.751858,4.297624088753423e+152,4.297624088753423e+152,-1.0,4.297624088753423e+152,1.20282013,147,0.707483,1.31240653,0.28879187,3.86111753,-0.88910251,33.20009644,214.63130682,21.70754631,9.887405,4.121108,47.765584,3357482092596174.0,3357482092596173.0,-1.0,3357482092596173.0,1.31240653,0.552039,"{'SOL-USD': 907, 'BTC-USD': 452, 'ETH-USD': 284}"
leader_persistence_72_8,leadership,2.76081,True,Long leader when leadership persists for at least 8 bars over 72.,leader_asset_72,72,LONG,1564,0.563299,0.32822797,0.08349122,0.79361271,-0.65616552,5.10398235,665.6321669,152.28361427,4.371003,16.356311,85.057493,1.837528773039523e+103,1.837528773039523e+103,-1.0,1.837528773039523e+103,0.32822797,541,0.563771,0.33580992,0.07920626,0.81608332,-0.65566769,5.07301549,234.2877235,52.61455533,4.452907,9.571007,51.649569,1.8922763354658966e+36,1.8922763354658966e+36,-0.9999994,1.8922774748680767e+36,0.33580992,0.434783,"{'SOL-USD': 680, 'BTC-USD': 521, 'ETH-USD': 363}"
breadth_positive_288_0_5,breadth,2.73787,True,Long leader when 50%+ of assets are positive over 288.,leader_asset_288,288,LONG,1281,0.654957,1.60210373,0.34887528,4.1892952,-0.8972573,46.54075418,2277.91017741,225.61530547,10.096435,13.687503,174.000616,4.331188204933824e+154,4.331188204933824e+154,-1.0,4.331188204933824e+154,1.60210373,117,0.641026,1.78536725,0.32679941,5.21459558,-0.87210638,46.54075418,228.51332422,19.62535642,11.64378,3.703394,56.027867,3067821277554490.0,3067821277554489.0,-1.0,3067821277554494.0,1.78536725,0.690086,"{'SOL-USD': 884, 'BTC-USD': 253, 'ETH-USD': 144}"
breadth_positive_288_0_66,breadth,2.73787,True,Long leader when 66%+ of assets are positive over 288.,leader_asset_288,288,LONG,1281,0.654957,1.60210373,0.34887528,4.1892952,-0.8972573,46.54075418,2277.91017741,225.61530547,10.096435,13.687503,174.000616,4.331188204933824e+154,4.331188204933824e+154,-1.0,4.331188204933824e+154,1.60210373,117,0.641026,1.78536725,0.32679941,5.21459558,-0.87210638,46.54075418,228.51332422,19.62535642,11.64378,3.703394,56.027867,3067821277554490.0,3067821277554489.0,-1.0,3067821277554494.0,1.78536725,0.690086,"{'SOL-USD': 884, 'BTC-USD': 253, 'ETH-USD': 144}"
momentum_top_rank_24_q90,momentum,2.600498,True,Long strongest-ranked asset when 24-period return is above q90 threshold.,asset_with_min_rank_return_24,24,LONG,499,0.581162,0.25858268,0.06476467,0.57697187,-0.58356319,3.05772129,161.88172654,32.84897098,4.928061,10.011406,46.564044,7.8852013019618595e+31,7.8852013019618595e+31,-0.99991817,7.8858466240842105e+31,0.25858268,499,0.581162,0.25858268,0.06476467,0.57697187,-0.58356319,3.05772129,161.88172654,32.84897098,4.928061,10.011406,46.564044,7.8852013019618595e+31,7.8852013019618595e+31,-0.99991817,7.8858466240842105e+31,0.25858268,0.709419,"{'SOL-USD': 354, 'ETH-USD': 121, 'BTC-USD': 24}"
leader_persistence_72_3,leadership,2.579702,True,Long leader when leadership persists for at least 3 bars over 72.,leader_asset_72,72,LONG,1887,0.54902,0.32845432,0.06732441,0.83528513,-0.69268408,5.10398235,810.73686039,190.9435544,4.24595,17.081507,90.935677,2.3166925046266906e+117,2.3166925046266906e+117,-1.0,2.3166925046266906e+117,0.32845432,656,0.547256,0.32521952,0.06028692,0.84701745,-0.65743227,5.10398235,280.62251453,67.27850662,4.171057,9.834135,53.035257,3.224683348423849e+39,3.224683348423849e+39,-0.99999999,3.224683388957876e+39,0.32521952,0.423423,"{'SOL-USD': 799, 'BTC-USD': 636, 'ETH-USD': 452}"
momentum_top_rank_288_q50,momentum,2.316572,True,Long strongest-ranked asset when 288-period return is above q50 threshold.,asset_with_min_rank_return_288,288,LONG,1265,0.61502,1.54489779,0.22159383,4.23333667,-0.8972573,46.54075418,2205.61915894,251.32345798,8.776018,12.979627,169.65761,4.643847036676135e+113,4.643847036676135e+113,-1.0,4.643847036676135e+113,1.54489779,116,0.62931,1.74666448,0.24194536,5.24841925,-0.8902004,46.54075418,223.71295161,21.09987166,10.602574,3.584346,56.099465,9816745968239.28,9816745968238.28,-1.0,9816745968238.281,1.74666448,0.720158,"{'SOL-USD': 911, 'BTC-USD': 213, 'ETH-USD': 141}"
momentum_top_rank_24_q75,momentum,2.157424,True,Long strongest-ranked asset when 24-period return is above q75 threshold.,asset_with_min_rank_return_24,24,LONG,966,0.599379,0.21540491,0.07143862,0.51316056,-0.58356319,3.30193358,264.87509688,56.79395188,4.663791,13.046406,59.277847,7.834578087605058e+53,7.834578087605058e+53,-0.99997457,7.834777311920615e+53,0.21540491,966,0.599379,0.21540491,0.07143862,0.51316056,-0.58356319,3.30193358,264.87509688,56.79395188,4.663791,13.046406,59.277847,7.834578087605058e+53,7.834578087605058e+53,-0.99997457,7.834777311920615e+53,0.21540491,0.564182,"{'SOL-USD': 545, 'ETH-USD': 291, 'BTC-USD': 130}"
breadth_positive_24_0_8,breadth,1.938854,True,Long leader when 80%+ of assets are positive over 24.,leader_asset_24,24,LONG,773,0.600259,0.19508403,0.06175504,0.4778882,-0.58356319,3.30193358,193.51751281,42.71755678,4.530163,11.34972,46.967731,4.9476938241208347e+39,4.9476938241208347e+39,-0.99964748,4.9494386181818137e+39,0.19508403,773,0.600259,0.19508403,0.06175504,0.4778882,-0.58356319,3.30193358,193.51751281,42.71755678,4.530163,11.34972,46.967731,4.947693824120829e+39,4.947693824120829e+39,-0.99963797,4.9494856862364563e+39,0.19508403,0.5511,"{'SOL-USD': 426, 'ETH-USD': 251, 'BTC-USD': 96}"
breadth_positive_24_1_0,breadth,1.938854,True,Long leader when 100%+ of assets are positive over 24.,leader_asset_24,24,LONG,773,0.600259,0.19508403,0.06175504,0.4778882,-0.58356319,3.30193358,193.51751281,42.71755678,4.530163,11.34972,46.967731,4.9476938241208347e+39,4.9476938241208347e+39,-0.99964748,4.9494386181818137e+39,0.19508403,773,0.600259,0.19508403,0.06175504,0.4778882,-0.58356319,3.30193358,193.51751281,42.71755678,4.530163,11.34972,46.967731,4.947693824120829e+39,4.947693824120829e+39,-0.99963797,4.9494856862364563e+39,0.19508403,0.5511,"{'SOL-USD': 426, 'ETH-USD': 251, 'BTC-USD': 96}"
breadth_positive_24_0_66,breadth,1.569537,True,Long leader when 66%+ of assets are positive over 24.,leader_asset_24,24,LONG,1229,0.581774,0.16999515,0.0483497,0.45858596,-0.58356319,3.30193358,281.45244887,72.52841449,3.880582,12.995462,52.67548,3.2554434039800026e+53,3.2554434039800026e+53,-0.9999966,3.255454468045765e+53,0.16999515,1229,0.581774,0.16999515,0.0483497,0.45858596,-0.58356319,3.30193358,281.45244887,72.52841449,3.880582,12.995462,52.67548,3.255443403979992e+53,3.255443403979992e+53,-0.99999986,3.255443854374052e+53,0.16999515,0.510171,"{'SOL-USD': 627, 'ETH-USD': 367, 'BTC-USD': 235}"
breadth_positive_24_0_5,breadth,1.47794,True,Long leader when 50%+ of assets are positive over 24.,leader_asset_24,24,LONG,1239,0.577078,0.16523842,0.04657066,0.45977621,-0.58356319,3.30193358,281.45244887,76.72204853,3.668469,12.650281,49.107398,1.3952450219667235e+51,1.3952450219667235e+51,-0.99999792,1.3952479309438986e+51,0.16523842,1239,0.577078,0.16523842,0.04657066,0.45977621,-0.58356319,3.30193358,281.45244887,76.72204853,3.668469,12.650281,49.107398,1.3952450219667227e+51,1.3952450219667227e+51,-0.99999986,1.3952452150003565e+51,0.16523842,0.506053,"{'SOL-USD': 627, 'ETH-USD': 377, 'BTC-USD': 235}"
momentum_top_rank_24_q50,momentum,1.27254,True,Long strongest-ranked asset when 24-period return is above q50 threshold.,asset_with_min_rank_return_24,24,LONG,1455,0.565636,0.15017769,0.039166,0.44793902,-0.58356319,3.30193358,308.51396894,90.00542696,3.427726,12.788453,48.882505,2.2650503305753825e+53,2.2650503305753825e+53,-0.99999992,2.265050514964396e+53,0.15017769,1455,0.565636,0.15017769,0.039166,0.44793902,-0.58356319,3.30193358,308.51396894,90.00542696,3.427726,12.788453,48.882505,2.2650503305753825e+53,2.2650503305753825e+53,-0.99999992,2.265050514964396e+53,0.15017769,0.499656,"{'SOL-USD': 727, 'ETH-USD': 411, 'BTC-USD': 317}"
leader_persistence_24_8,leadership,0.769811,True,Long leader when leadership persists for at least 8 bars over 24.,leader_asset_24,24,LONG,1252,0.532748,0.11230451,0.01309896,0.42910034,-0.58356319,3.30193358,227.07687048,86.47161984,2.626028,9.26063,32.503012,4.613294316724081e+28,4.613294316724081e+28,-1.0,4.613294316733769e+28,0.11230451,1252,0.532748,0.11230451,0.01309896,0.42910034,-0.58356319,3.30193358,227.07687048,86.47161984,2.626028,9.26063,32.503012,4.613294316724083e+28,4.613294316724083e+28,-1.0,4.613294316727732e+28,0.11230451,0.407348,"{'SOL-USD': 510, 'BTC-USD': 434, 'ETH-USD': 308}"
leader_persistence_24_3,leadership,0.737341,True,Long leader when leadership persists for at least 3 bars over 24.,leader_asset_24,24,LONG,1807,0.541782,0.10574193,0.01697669,0.40073709,-0.58356319,3.30193358,306.95368938,115.8780179,2.648938,11.216743,39.502117,7.521948426798039e+41,7.521948426798039e+41,-1.0,7.521948426798044e+41,0.10574193,1807,0.541782,0.10574193,0.01697669,0.40073709,-0.58356319,3.30193358,306.95368938,115.8780179,2.648938,11.216743,39.502117,7.521948426798053e+41,7.521948426798053e+41,-1.0,7.521948427770453e+41,0.10574193,0.381295,"{'SOL-USD': 689, 'BTC-USD': 652, 'ETH-USD': 466}"
topology_high_correlation_leader_288,topology,-250.04926305,True,Long 288-period leader when average absolute correlation is high.,leader_asset_288,288,LONG,348,0.485632,-0.13383913,-0.06563266,0.50461953,-0.89198904,0.87624338,55.67226164,102.24827898,0.544481,-4.947761,-9.375265,0.0,-1.0,-1.0,-1.0,-0.13383913,39,0.589744,-0.04926305,0.0822683,0.50968194,-0.87278694,0.87624338,7.49239661,9.4136557,0.795907,-0.603607,-1.218675,1.302e-05,-0.99998698,-0.99999977,-0.999987,-0.04926305,0.399425,"{'BTC-USD': 139, 'SOL-USD': 110, 'ETH-USD': 99}"
breadth_dispersion_breakout_72,breadth,-500.005102,True,Long leader when cross-sectional spread is elevated over 72.,leader_asset_72,72,LONG,539,0.688312,0.57517605,0.42641687,0.91212905,-0.6210063,4.51286557,363.20494878,53.18505519,6.829079,14.639926,92.434936,2.5182620427055498e+69,2.5182620427055498e+69,-1.0,2.5182620427055662e+69,0.57517605,193,0.683938,0.59054397,0.42341803,0.91129042,-0.597942,4.11704293,132.60916341,18.63417814,7.116448,9.002727,54.851128,4.709778677292126e+25,4.709778677292126e+25,-0.99998839,4.709833358515189e+25,0.59054397,0.755102,"{'SOL-USD': 407, 'ETH-USD': 72, 'BTC-USD': 60}"
breadth_positive_288_0_8,breadth,-500.06587,True,Long leader when 80%+ of assets are positive over 288.,leader_asset_288,288,LONG,983,0.685656,2.00766686,0.5534458,4.68531341,-0.89198904,46.54075418,2129.02107613,155.48455757,13.692814,13.434755,191.413822,6.0502755891698286e+171,6.0502755891698286e+171,-1.0,6.0502755891698286e+171,2.00766686,94,0.648936,2.14921472,0.52904836,5.75003574,-0.8902004,46.54075418,216.45455259,14.42836912,15.002011,3.623875,59.012094,2.272482962805182e+16,2.272482962805182e+16,-1.0,2.272482962828894e+16,2.14921472,0.81587,"{'SOL-USD': 802, 'ETH-USD': 108, 'BTC-USD': 73}"
breadth_positive_288_1_0,breadth,-500.06587,True,Long leader when 100%+ of assets are positive over 288.,leader_asset_288,288,LONG,983,0.685656,2.00766686,0.5534458,4.68531341,-0.89198904,46.54075418,2129.02107613,155.48455757,13.692814,13.434755,191.413822,6.0502755891698286e+171,6.0502755891698286e+171,-1.0,6.0502755891698286e+171,2.00766686,94,0.648936,2.14921472,0.52904836,5.75003574,-0.8902004,46.54075418,216.45455259,14.42836912,15.002011,3.623875,59.012094,2.272482962805182e+16,2.272482962805182e+16,-1.0,2.272482962828894e+16,2.14921472,0.81587,"{'SOL-USD': 802, 'ETH-USD': 108, 'BTC-USD': 73}"
momentum_top_rank_72_q90,momentum,-500.104772,True,Long strongest-ranked asset when 72-period return is above q90 threshold.,asset_with_min_rank_return_72,72,LONG,482,0.665975,0.49523579,0.35950884,0.89370474,-0.6210063,4.51286557,287.06714768,48.36349898,5.935616,12.165823,68.397324,1.0485663992436283e+52,1.0485663992436283e+52,-1.0,1.0485663992436429e+52,0.49523579,176,0.647727,0.50941244,0.33081011,0.88971216,-0.597942,4.11704293,106.90227903,17.24568899,6.198783,7.59585,41.283984,5.634306449872421e+19,5.634306449872421e+19,-0.99996806,5.634486428779256e+19,0.50941244,0.854772,"{'SOL-USD': 412, 'ETH-USD': 49, 'BTC-USD': 21}"
momentum_top_rank_288_q75,momentum,-500.144932,True,Long strongest-ranked asset when 288-period return is above q75 threshold.,asset_with_min_rank_return_288,288,LONG,809,0.599506,1.88068833,0.32428743,5.05960322,-0.8972573,46.54075418,1716.93106656,195.45420966,8.784314,10.572425,175.532751,1.4531250808391087e+60,1.4531250808391087e+60,-1.0,1.4531250808391087e+60,1.88068833,74,0.608108,2.20442813,0.4455649,6.38496288,-0.88239532,46.54075418,180.73055695,17.60287527,10.267104,2.969979,60.50041,5849588.90712151,5849587.90712151,-1.0,5849587.907122,2.20442813,0.894932,"{'SOL-USD': 724, 'ETH-USD': 84, 'BTC-USD': 1}"
momentum_top_rank_288_q90,momentum,-500.191935,True,Long strongest-ranked asset when 288-period return is above q90 threshold.,asset_with_min_rank_return_288,288,LONG,465,0.554839,2.52234656,0.26688097,6.36062632,-0.87432117,46.54075418,1297.25711745,124.36596867,10.430965,8.551284,182.681708,1.9016009260506706e+41,1.9016009260506706e+41,-1.0,1.9016009260506706e+41,2.52234656,43,0.511628,2.88294428,0.14032452,8.11325575,-0.85644456,46.54075418,134.86067342,10.8940693,12.379274,2.330104,55.933096,29601.41926479,29600.41926479,-1.0,29600.419335,2.88294428,0.941935,"{'SOL-USD': 438, 'ETH-USD': 27}"
breadth_dispersion_breakout_288,breadth,-500.25,True,Long leader when cross-sectional spread is elevated over 288.,leader_asset_288,288,LONG,499,0.527054,2.06298463,0.06585338,5.70655,-0.87432117,40.52157704,1160.06023816,130.63090977,8.880442,8.07556,145.235626,7.572034361907252e+22,7.572034361907252e+22,-1.0,7.572034361907252e+22,2.06298463,44,0.545455,2.55062397,0.10916104,7.3574843,-0.85558538,40.52157704,123.17920086,10.95174621,11.247448,2.299553,50.776276,1156.04190088,1155.04190088,-1.0,1155.041903,2.55062397,1.0,{'SOL-USD': 499}
leadership_rotation_breakout_24,leadership,-999.0,True,Long new leader after leadership rotation with elevated spread over 24.,leader_asset_24,24,LONG,17,0.529412,0.17309346,0.03046275,0.51995221,-0.35514805,1.65925162,4.52999291,1.58740409,2.853711,1.372593,4.996722,4.0432292,3.0432292,-0.84282704,3.61074,0.17309346,17,0.529412,0.17309346,0.03046275,0.51995221,-0.35514805,1.65925162,4.52999291,1.58740409,2.853711,1.372593,4.996722,4.0432292,3.0432292,-0.70266524,4.33098,0.17309346,0.411765,"{'BTC-USD': 7, 'ETH-USD': 6, 'SOL-USD': 4}"
leadership_rotation_breakout_72,leadership,-999.0,False,Long new leader after leadership rotation with elevated spread over 72.,leader_asset_72,72,LONG,4,1.0,1.92550633,1.82943586,1.66039655,0.30168203,3.74147156,7.70202531,0.0,,2.319333,,42.25786566,41.25786566,0.0,,1.92550633,4,1.0,1.92550633,1.82943586,1.66039655,0.30168203,3.74147156,7.70202531,0.0,,2.319333,,42.25786566,41.25786566,0.0,,1.92550633,0.5,"{'ETH-USD': 2, 'SOL-USD': 2}"
leadership_rotation_breakout_288,leadership,-999.0,False,Long new leader after leadership rotation with elevated spread over 288.,leader_asset_288,288,LONG,0,,,,,,,,,,,,,,,,,0,,,,,,,,,,,,,,,,,0.0,{}
topology_high_density_leader_72,topology,-999.0,False,Long 72-period leader when correlation graph density is high.,leader_asset_72,72,LONG,0,,,,,,,,,,,,,,,,,0,,,,,,,,,,,,,,,,,0.0,{}
