name_a,name_b,cipher,kamea,overall_resonance,node_similarity,edge_similarity,node_weight_similarity,edge_weight_similarity,vector_similarity,alignment_similarity,node_overlap_ratio,edge_overlap_ratio,shared_node_count,shared_edge_count,unique_nodes_a,unique_nodes_b,unique_edges_a,unique_edges_b
Michael Elvis Brockway,Antonio Ballester,ordinal,saturn,0.4891178434945504,0.6666666666666666,0.24,0.4537037037037038,0.24,0.9547070609673022,0.37962962962962965,0.6666666666666666,0.24,6,6,3,0,11,8
Michael Elvis Brockway,Antonio Ballester,ordinal,jupiter,0.3690608221495655,0.5,0.03225806451612903,0.36904761904761907,0.03225806451612903,0.9444916610079921,0.33630952380952384,0.5,0.03225806451612903,7,1,5,2,16,14
Michael Elvis Brockway,Antonio Ballester,ordinal,mars,0.43485743259966037,0.47058823529411764,0.03125,0.4117647058823529,0.03125,0.974953419127374,0.6893382352941176,0.47058823529411764,0.03125,8,1,7,2,17,14
Michael Elvis Brockway,Antonio Ballester,ordinal,sun,0.43485743259966037,0.47058823529411764,0.03125,0.4117647058823529,0.03125,0.974953419127374,0.6893382352941176,0.47058823529411764,0.03125,8,1,7,2,17,14
Michael Elvis Brockway,Antonio Ballester,ordinal,venus,0.43485743259966037,0.47058823529411764,0.03125,0.4117647058823529,0.03125,0.974953419127374,0.6893382352941176,0.47058823529411764,0.03125,8,1,7,2,17,14
Michael Elvis Brockway,Antonio Ballester,ordinal,mercury,0.43485743259966037,0.47058823529411764,0.03125,0.4117647058823529,0.03125,0.974953419127374,0.6893382352941176,0.47058823529411764,0.03125,8,1,7,2,17,14
Michael Elvis Brockway,Antonio Ballester,ordinal,moon,0.43485743259966037,0.47058823529411764,0.03125,0.4117647058823529,0.03125,0.974953419127374,0.6893382352941176,0.47058823529411764,0.03125,8,1,7,2,17,14
Michael Elvis Brockway,Antonio Ballester,hebrew_literal,saturn,0.48296048531092906,0.875,0.10714285714285714,0.4791666666666667,0.10714285714285714,0.9621230309131932,0.3671875,0.875,0.10714285714285714,7,3,1,0,13,12
Michael Elvis Brockway,Antonio Ballester,hebrew_literal,jupiter,0.46325984775105633,0.8,0.03225806451612903,0.5666666666666667,0.03225806451612903,0.9817096241407465,0.3666666666666667,0.8,0.03225806451612903,8,1,1,1,17,13
Michael Elvis Brockway,Antonio Ballester,hebrew_literal,mars,0.4697818369588472,0.6666666666666666,0.15384615384615385,0.4666666666666667,0.14102564102564102,0.9390970046590664,0.45138888888888884,0.6666666666666666,0.15384615384615385,6,4,3,0,12,10
Michael Elvis Brockway,Antonio Ballester,hebrew_literal,sun,0.4511591492640071,0.75,0.03125,0.5486111111111112,0.03125,0.9708437844729313,0.375,0.75,0.03125,9,1,2,1,17,14
Michael Elvis Brockway,Antonio Ballester,hebrew_literal,venus,0.5077487453844177,0.75,0.06451612903225806,0.5694444444444445,0.06451612903225806,0.9834324364642122,0.6145833333333334,0.75,0.06451612903225806,9,2,3,0,16,13
Michael Elvis Brockway,Antonio Ballester,hebrew_literal,mercury,0.4394569493335783,0.6666666666666666,0.03125,0.5416666666666666,0.03125,0.9621385213982956,0.4037698412698413,0.6666666666666666,0.03125,8,1,2,2,17,14
Michael Elvis Brockway,Antonio Ballester,hebrew_literal,moon,0.40923330829754745,0.5714285714285714,0.03125,0.48809523809523814,0.03125,0.9851617545471897,0.3482142857142857,0.5714285714285714,0.03125,8,1,4,2,17,14
Michael Elvis Brockway,Antonio Ballester,hebrew_phonetic,saturn,0.48296048531092906,0.875,0.10714285714285714,0.4791666666666667,0.10714285714285714,0.9621230309131932,0.3671875,0.875,0.10714285714285714,7,3,1,0,13,12
Michael Elvis Brockway,Antonio Ballester,hebrew_phonetic,jupiter,0.46325984775105633,0.8,0.03225806451612903,0.5666666666666667,0.03225806451612903,0.9817096241407465,0.3666666666666667,0.8,0.03225806451612903,8,1,1,1,17,13
Michael Elvis Brockway,Antonio Ballester,hebrew_phonetic,mars,0.4697818369588472,0.6666666666666666,0.15384615384615385,0.4666666666666667,0.14102564102564102,0.9390970046590664,0.45138888888888884,0.6666666666666666,0.15384615384615385,6,4,3,0,12,10
Michael Elvis Brockway,Antonio Ballester,hebrew_phonetic,sun,0.4511591492640071,0.75,0.03125,0.5486111111111112,0.03125,0.9708437844729313,0.375,0.75,0.03125,9,1,2,1,17,14
Michael Elvis Brockway,Antonio Ballester,hebrew_phonetic,venus,0.5077487453844177,0.75,0.06451612903225806,0.5694444444444445,0.06451612903225806,0.9834324364642122,0.6145833333333334,0.75,0.06451612903225806,9,2,3,0,16,13
Michael Elvis Brockway,Antonio Ballester,hebrew_phonetic,mercury,0.4394569493335783,0.6666666666666666,0.03125,0.5416666666666666,0.03125,0.9621385213982956,0.4037698412698413,0.6666666666666666,0.03125,8,1,2,2,17,14
Michael Elvis Brockway,Antonio Ballester,hebrew_phonetic,moon,0.40923330829754745,0.5714285714285714,0.03125,0.48809523809523814,0.03125,0.9851617545471897,0.3482142857142857,0.5714285714285714,0.03125,8,1,4,2,17,14
Michael Elvis Brockway,Lance Dean Folks,ordinal,saturn,0.48942793657690536,0.6666666666666666,0.2608695652173913,0.4444444444444444,0.21739130434782608,0.9698808239702886,0.3773148148148148,0.6666666666666666,0.2608695652173913,6,6,3,0,11,6
Michael Elvis Brockway,Lance Dean Folks,ordinal,jupiter,0.3847062236010505,0.5,0.0,0.4761904761904762,0.0,0.9868087701777315,0.34523809523809523,0.5,0.0,7,0,5,2,17,12
Michael Elvis Brockway,Lance Dean Folks,ordinal,mars,0.40782575306245433,0.3888888888888889,0.0,0.3611111111111111,0.0,0.9955656294858372,0.7013888888888888,0.3888888888888889,0.0,7,0,8,3,18,12
Michael Elvis Brockway,Lance Dean Folks,ordinal,sun,0.40782575306245433,0.3888888888888889,0.0,0.3611111111111111,0.0,0.9955656294858372,0.7013888888888888,0.3888888888888889,0.0,7,0,8,3,18,12
Michael Elvis Brockway,Lance Dean Folks,ordinal,venus,0.40782575306245433,0.3888888888888889,0.0,0.3611111111111111,0.0,0.9955656294858372,0.7013888888888888,0.3888888888888889,0.0,7,0,8,3,18,12
Michael Elvis Brockway,Lance Dean Folks,ordinal,mercury,0.40782575306245433,0.3888888888888889,0.0,0.3611111111111111,0.0,0.9955656294858372,0.7013888888888888,0.3888888888888889,0.0,7,0,8,3,18,12
Michael Elvis Brockway,Lance Dean Folks,ordinal,moon,0.40782575306245433,0.3888888888888889,0.0,0.3611111111111111,0.0,0.9955656294858372,0.7013888888888888,0.3888888888888889,0.0,7,0,8,3,18,12
Michael Elvis Brockway,Lance Dean Folks,hebrew_literal,saturn,0.5374632736526341,1.0,0.07692307692307693,0.7041666666666666,0.057692307692307696,0.9797475906337538,0.40625,1.0,0.07692307692307693,8,2,0,0,14,10
Michael Elvis Brockway,Lance Dean Folks,hebrew_literal,jupiter,0.4018197253013276,0.7,0.0,0.5833333333333333,0.0,0.956751685141299,0.17083333333333334,0.7,0.0,7,0,2,1,18,11
Michael Elvis Brockway,Lance Dean Folks,hebrew_literal,mars,0.42356848882108195,0.5,0.041666666666666664,0.32999999999999996,0.041666666666666664,0.9447442662598252,0.6833333333333333,0.5,0.041666666666666664,5,1,4,1,15,8
Michael Elvis Brockway,Lance Dean Folks,hebrew_literal,sun,0.44873632132362257,0.6666666666666666,0.0,0.625,0.0,0.9861679279417356,0.4145833333333333,0.6666666666666666,0.0,8,0,3,1,18,12
Michael Elvis Brockway,Lance Dean Folks,hebrew_literal,venus,0.43125269266028093,0.5384615384615384,0.0,0.4743589743589744,0.0,0.981746925192455,0.592948717948718,0.5384615384615384,0.0,7,0,5,1,18,12
Michael Elvis Brockway,Lance Dean Folks,hebrew_literal,mercury,0.3618452713601337,0.46153846153846156,0.0,0.38461538461538464,0.0,0.975558807647982,0.3493589743589744,0.46153846153846156,0.0,6,0,4,3,18,12
Michael Elvis Brockway,Lance Dean Folks,hebrew_literal,moon,0.3548898912542602,0.4,0.0,0.3777777777777778,0.0,0.990450458636672,0.3611111111111111,0.4,0.0,6,0,6,3,18,12
Michael Elvis Brockway,Lance Dean Folks,hebrew_phonetic,saturn,0.5374632736526341,1.0,0.07692307692307693,0.7041666666666666,0.057692307692307696,0.9797475906337538,0.40625,1.0,0.07692307692307693,8,2,0,0,14,10
Michael Elvis Brockway,Lance Dean Folks,hebrew_phonetic,jupiter,0.4018197253013276,0.7,0.0,0.5833333333333333,0.0,0.956751685141299,0.17083333333333334,0.7,0.0,7,0,2,1,18,11
Michael Elvis Brockway,Lance Dean Folks,hebrew_phonetic,mars,0.42356848882108195,0.5,0.041666666666666664,0.32999999999999996,0.041666666666666664,0.9447442662598252,0.6833333333333333,0.5,0.041666666666666664,5,1,4,1,15,8
Michael Elvis Brockway,Lance Dean Folks,hebrew_phonetic,sun,0.44873632132362257,0.6666666666666666,0.0,0.625,0.0,0.9861679279417356,0.4145833333333333,0.6666666666666666,0.0,8,0,3,1,18,12
Michael Elvis Brockway,Lance Dean Folks,hebrew_phonetic,venus,0.43125269266028093,0.5384615384615384,0.0,0.4743589743589744,0.0,0.981746925192455,0.592948717948718,0.5384615384615384,0.0,7,0,5,1,18,12
Michael Elvis Brockway,Lance Dean Folks,hebrew_phonetic,mercury,0.3618452713601337,0.46153846153846156,0.0,0.38461538461538464,0.0,0.975558807647982,0.3493589743589744,0.46153846153846156,0.0,6,0,4,3,18,12
Michael Elvis Brockway,Lance Dean Folks,hebrew_phonetic,moon,0.3548898912542602,0.4,0.0,0.3777777777777778,0.0,0.990450458636672,0.3611111111111111,0.4,0.0,6,0,6,3,18,12
Michael Elvis Brockway,River Christian Tremblay,ordinal,saturn,0.5826678345409365,0.8888888888888888,0.25,0.7328042328042329,0.21428571428571427,0.9859540971927085,0.42407407407407405,0.8888888888888888,0.25,8,7,1,0,10,11
Michael Elvis Brockway,River Christian Tremblay,ordinal,jupiter,0.48894345702742986,0.6428571428571429,0.08823529411764706,0.5226190476190476,0.07352941176470588,0.9903484172346074,0.6160714285714286,0.6428571428571429,0.08823529411764706,9,3,3,2,14,17
Michael Elvis Brockway,River Christian Tremblay,ordinal,mars,0.47358518211406686,0.7058823529411765,0.08571428571428572,0.5833333333333334,0.08571428571428572,0.9911609526283791,0.38970588235294124,0.7058823529411765,0.08571428571428572,12,3,3,2,15,17
Michael Elvis Brockway,River Christian Tremblay,ordinal,sun,0.47358518211406686,0.7058823529411765,0.08571428571428572,0.5833333333333334,0.08571428571428572,0.9911609526283791,0.38970588235294124,0.7058823529411765,0.08571428571428572,12,3,3,2,15,17
Michael Elvis Brockway,River Christian Tremblay,ordinal,venus,0.47358518211406686,0.7058823529411765,0.08571428571428572,0.5833333333333334,0.08571428571428572,0.9911609526283791,0.38970588235294124,0.7058823529411765,0.08571428571428572,12,3,3,2,15,17
Michael Elvis Brockway,River Christian Tremblay,ordinal,mercury,0.47358518211406686,0.7058823529411765,0.08571428571428572,0.5833333333333334,0.08571428571428572,0.9911609526283791,0.38970588235294124,0.7058823529411765,0.08571428571428572,12,3,3,2,15,17
Michael Elvis Brockway,River Christian Tremblay,ordinal,moon,0.47358518211406686,0.7058823529411765,0.08571428571428572,0.5833333333333334,0.08571428571428572,0.9911609526283791,0.38970588235294124,0.7058823529411765,0.08571428571428572,12,3,3,2,15,17
Michael Elvis Brockway,River Christian Tremblay,hebrew_literal,saturn,0.5869401379148188,0.875,0.23076923076923078,0.6041666666666667,0.17307692307692307,0.9808155069760923,0.6578125,0.875,0.23076923076923078,7,6,1,0,10,10
Michael Elvis Brockway,River Christian Tremblay,hebrew_literal,jupiter,0.530765818996562,0.9,0.12121212121212122,0.5916666666666667,0.10606060606060606,0.9839888533733121,0.48166666666666663,0.9,0.12121212121212122,9,4,0,1,14,15
Michael Elvis Brockway,River Christian Tremblay,hebrew_literal,mars,0.6034830792160961,1.0,0.13333333333333333,0.7158730158730159,0.13333333333333333,0.9578032372013384,0.6805555555555556,1.0,0.13333333333333333,9,4,0,0,12,14
Michael Elvis Brockway,River Christian Tremblay,hebrew_literal,sun,0.6128991327087725,0.8333333333333334,0.15151515151515152,0.6569444444444444,0.15151515151515152,0.9778367154445539,0.90625,0.8333333333333334,0.15151515151515152,10,5,1,1,13,15
Michael Elvis Brockway,River Christian Tremblay,hebrew_literal,venus,0.5545714833083121,0.9166666666666666,0.08823529411764706,0.6111111111111112,0.08823529411764706,0.9773472005034672,0.6458333333333334,0.9166666666666666,0.08823529411764706,11,3,1,0,15,16
Michael Elvis Brockway,River Christian Tremblay,hebrew_literal,mercury,0.5365884251899129,0.8333333333333334,0.08571428571428572,0.6097222222222222,0.08571428571428572,0.9626853130442391,0.6423611111111112,0.8333333333333334,0.08571428571428572,10,3,0,2,15,17
Michael Elvis Brockway,River Christian Tremblay,hebrew_literal,moon,0.5296478423838425,0.7857142857142857,0.08571428571428572,0.5952380952380952,0.08571428571428572,0.9856251495411508,0.6398809523809523,0.7857142857142857,0.08571428571428572,11,3,1,2,15,17
Michael Elvis Brockway,River Christian Tremblay,hebrew_phonetic,saturn,0.5869401379148188,0.875,0.23076923076923078,0.6041666666666667,0.17307692307692307,0.9808155069760923,0.6578125,0.875,0.23076923076923078,7,6,1,0,10,10
Michael Elvis Brockway,River Christian Tremblay,hebrew_phonetic,jupiter,0.530765818996562,0.9,0.12121212121212122,0.5916666666666667,0.10606060606060606,0.9839888533733121,0.48166666666666663,0.9,0.12121212121212122,9,4,0,1,14,15
Michael Elvis Brockway,River Christian Tremblay,hebrew_phonetic,mars,0.6034830792160961,1.0,0.13333333333333333,0.7158730158730159,0.13333333333333333,0.9578032372013384,0.6805555555555556,1.0,0.13333333333333333,9,4,0,0,12,14
Michael Elvis Brockway,River Christian Tremblay,hebrew_phonetic,sun,0.6128991327087725,0.8333333333333334,0.15151515151515152,0.6569444444444444,0.15151515151515152,0.9778367154445539,0.90625,0.8333333333333334,0.15151515151515152,10,5,1,1,13,15
Michael Elvis Brockway,River Christian Tremblay,hebrew_phonetic,venus,0.5545714833083121,0.9166666666666666,0.08823529411764706,0.6111111111111112,0.08823529411764706,0.9773472005034672,0.6458333333333334,0.9166666666666666,0.08823529411764706,11,3,1,0,15,16
Michael Elvis Brockway,River Christian Tremblay,hebrew_phonetic,mercury,0.5365884251899129,0.8333333333333334,0.08571428571428572,0.6097222222222222,0.08571428571428572,0.9626853130442391,0.6423611111111112,0.8333333333333334,0.08571428571428572,10,3,0,2,15,17
Michael Elvis Brockway,River Christian Tremblay,hebrew_phonetic,moon,0.5296478423838425,0.7857142857142857,0.08571428571428572,0.5952380952380952,0.08571428571428572,0.9856251495411508,0.6398809523809523,0.7857142857142857,0.08571428571428572,11,3,1,2,15,17
Antonio Ballester,Lance Dean Folks,ordinal,saturn,0.5797257333568631,0.7142857142857143,0.18181818181818182,0.5714285714285714,0.1590909090909091,0.9916119758987542,0.8601190476190477,0.7142857142857143,0.18181818181818182,5,4,1,1,10,8
Antonio Ballester,Lance Dean Folks,ordinal,jupiter,0.5059443500937484,0.6363636363636364,0.08,0.5,0.06,0.9676357975321876,0.7916666666666666,0.6363636363636364,0.08,7,2,2,2,13,10
Antonio Ballester,Lance Dean Folks,ordinal,mars,0.43457563619104556,0.42857142857142855,0.038461538461538464,0.39285714285714285,0.019230769230769232,0.9723805570730131,0.7559523809523809,0.42857142857142855,0.038461538461538464,6,1,4,4,14,11
Antonio Ballester,Lance Dean Folks,ordinal,sun,0.43457563619104556,0.42857142857142855,0.038461538461538464,0.39285714285714285,0.019230769230769232,0.9723805570730131,0.7559523809523809,0.42857142857142855,0.038461538461538464,6,1,4,4,14,11
Antonio Ballester,Lance Dean Folks,ordinal,venus,0.43457563619104556,0.42857142857142855,0.038461538461538464,0.39285714285714285,0.019230769230769232,0.9723805570730131,0.7559523809523809,0.42857142857142855,0.038461538461538464,6,1,4,4,14,11
Antonio Ballester,Lance Dean Folks,ordinal,mercury,0.43457563619104556,0.42857142857142855,0.038461538461538464,0.39285714285714285,0.019230769230769232,0.9723805570730131,0.7559523809523809,0.42857142857142855,0.038461538461538464,6,1,4,4,14,11
Antonio Ballester,Lance Dean Folks,ordinal,moon,0.43457563619104556,0.42857142857142855,0.038461538461538464,0.39285714285714285,0.019230769230769232,0.9723805570730131,0.7559523809523809,0.42857142857142855,0.038461538461538464,6,1,4,4,14,11
Antonio Ballester,Lance Dean Folks,hebrew_literal,saturn,0.5993051103903285,0.875,0.22727272727272727,0.7083333333333334,0.20454545454545456,0.9608874805237897,0.6197916666666666,0.875,0.22727272727272727,7,5,0,1,10,7
Antonio Ballester,Lance Dean Folks,hebrew_literal,jupiter,0.4829998835000027,0.7,0.13636363636363635,0.5666666666666667,0.11363636363636363,0.9896659676666832,0.39166666666666666,0.7,0.13636363636363635,7,3,2,1,11,8
Antonio Ballester,Lance Dean Folks,hebrew_literal,mars,0.486261825300257,0.7142857142857143,0.15,0.4809523809523809,0.125,0.9651899994205896,0.48214285714285715,0.7142857142857143,0.15,5,3,1,1,11,6
Antonio Ballester,Lance Dean Folks,hebrew_literal,sun,0.5324437077154678,0.7272727272727273,0.08,0.5909090909090909,0.06,0.9913505579811186,0.7451298701298701,0.7272727272727273,0.08,8,2,2,1,13,10
Antonio Ballester,Lance Dean Folks,hebrew_literal,venus,0.5001165314048123,0.5454545454545454,0.08,0.5,0.06,0.991381006610692,0.8238636363636364,0.5454545454545454,0.08,6,2,3,2,13,10
Antonio Ballester,Lance Dean Folks,hebrew_literal,mercury,0.5102151723619325,0.5833333333333334,0.125,0.5,0.10416666666666667,0.9913505579811186,0.7574404761904762,0.5833333333333334,0.125,7,3,3,2,12,9
Antonio Ballester,Lance Dean Folks,hebrew_literal,moon,0.44544487321663334,0.46153846153846156,0.038461538461538464,0.4230769230769231,0.019230769230769232,0.9913505579811186,0.7390109890109889,0.46153846153846156,0.038461538461538464,6,1,4,3,14,11
Antonio Ballester,Lance Dean Folks,hebrew_phonetic,saturn,0.5993051103903285,0.875,0.22727272727272727,0.7083333333333334,0.20454545454545456,0.9608874805237897,0.6197916666666666,0.875,0.22727272727272727,7,5,0,1,10,7
Antonio Ballester,Lance Dean Folks,hebrew_phonetic,jupiter,0.4829998835000027,0.7,0.13636363636363635,0.5666666666666667,0.11363636363636363,0.9896659676666832,0.39166666666666666,0.7,0.13636363636363635,7,3,2,1,11,8
Antonio Ballester,Lance Dean Folks,hebrew_phonetic,mars,0.486261825300257,0.7142857142857143,0.15,0.4809523809523809,0.125,0.9651899994205896,0.48214285714285715,0.7142857142857143,0.15,5,3,1,1,11,6
Antonio Ballester,Lance Dean Folks,hebrew_phonetic,sun,0.5324437077154678,0.7272727272727273,0.08,0.5909090909090909,0.06,0.9913505579811186,0.7451298701298701,0.7272727272727273,0.08,8,2,2,1,13,10
Antonio Ballester,Lance Dean Folks,hebrew_phonetic,venus,0.5001165314048123,0.5454545454545454,0.08,0.5,0.06,0.991381006610692,0.8238636363636364,0.5454545454545454,0.08,6,2,3,2,13,10
Antonio Ballester,Lance Dean Folks,hebrew_phonetic,mercury,0.5102151723619325,0.5833333333333334,0.125,0.5,0.10416666666666667,0.9913505579811186,0.7574404761904762,0.5833333333333334,0.125,7,3,3,2,12,9
Antonio Ballester,Lance Dean Folks,hebrew_phonetic,moon,0.44544487321663334,0.46153846153846156,0.038461538461538464,0.4230769230769231,0.019230769230769232,0.9913505579811186,0.7390109890109889,0.46153846153846156,0.038461538461538464,6,1,4,3,14,11
Antonio Ballester,River Christian Tremblay,ordinal,saturn,0.43796242812058356,0.5555555555555556,0.14285714285714285,0.4484126984126984,0.125,0.9707639867129191,0.3851851851851852,0.5555555555555556,0.14285714285714285,5,4,1,3,10,14
Antonio Ballester,River Christian Tremblay,ordinal,jupiter,0.4381704252001583,0.6666666666666666,0.12903225806451613,0.4291666666666667,0.12903225806451613,0.9192219239608066,0.3559027777777778,0.6666666666666666,0.12903225806451613,8,4,1,3,11,16
Antonio Ballester,River Christian Tremblay,ordinal,mars,0.43821406002706714,0.6,0.12903225806451613,0.43888888888888894,0.12903225806451613,0.9601087329222595,0.37222222222222223,0.6,0.12903225806451613,9,4,1,5,11,16
Antonio Ballester,River Christian Tremblay,ordinal,sun,0.43821406002706714,0.6,0.12903225806451613,0.43888888888888894,0.12903225806451613,0.9601087329222595,0.37222222222222223,0.6,0.12903225806451613,9,4,1,5,11,16
Antonio Ballester,River Christian Tremblay,ordinal,venus,0.43821406002706714,0.6,0.12903225806451613,0.43888888888888894,0.12903225806451613,0.9601087329222595,0.37222222222222223,0.6,0.12903225806451613,9,4,1,5,11,16
Antonio Ballester,River Christian Tremblay,ordinal,mercury,0.43821406002706714,0.6,0.12903225806451613,0.43888888888888894,0.12903225806451613,0.9601087329222595,0.37222222222222223,0.6,0.12903225806451613,9,4,1,5,11,16
Antonio Ballester,River Christian Tremblay,ordinal,moon,0.43821406002706714,0.6,0.12903225806451613,0.43888888888888894,0.12903225806451613,0.9601087329222595,0.37222222222222223,0.6,0.12903225806451613,9,4,1,5,11,16
Antonio Ballester,River Christian Tremblay,hebrew_literal,saturn,0.47563609031054715,0.75,0.19230769230769232,0.40625,0.15384615384615385,0.9857876957094363,0.365625,0.75,0.19230769230769232,6,5,1,1,10,11
Antonio Ballester,River Christian Tremblay,hebrew_literal,jupiter,0.578550514073623,0.9,0.17857142857142858,0.6083333333333334,0.16071428571428573,0.9736840368226908,0.65,0.9,0.17857142857142858,9,5,0,1,9,14
Antonio Ballester,River Christian Tremblay,hebrew_literal,mars,0.5241509866441812,0.6666666666666666,0.28,0.48492063492063486,0.23333333333333336,0.9660963960555635,0.5138888888888888,0.6666666666666666,0.28,6,7,0,3,7,11
Antonio Ballester,River Christian Tremblay,hebrew_literal,sun,0.46804224492968477,0.75,0.12903225806451613,0.5097222222222223,0.12903225806451613,0.915466731226854,0.375,0.75,0.12903225806451613,9,4,1,2,11,16
Antonio Ballester,River Christian Tremblay,hebrew_literal,venus,0.50805628211327,0.6666666666666666,0.1724137931034483,0.4513888888888889,0.1724137931034483,0.9691351064727234,0.6163194444444444,0.6666666666666666,0.1724137931034483,8,5,1,3,10,14
Antonio Ballester,River Christian Tremblay,hebrew_literal,mercury,0.511028202237538,0.8333333333333334,0.16666666666666666,0.5791666666666667,0.16666666666666666,0.9279747689807836,0.39236111111111116,0.8333333333333334,0.16666666666666666,10,5,0,2,10,15
Antonio Ballester,River Christian Tremblay,hebrew_literal,moon,0.4461180106302667,0.6428571428571429,0.12903225806451613,0.4642857142857143,0.12903225806451613,0.9484054524144727,0.36309523809523814,0.6428571428571429,0.12903225806451613,9,4,1,4,11,16
Antonio Ballester,River Christian Tremblay,hebrew_phonetic,saturn,0.47563609031054715,0.75,0.19230769230769232,0.40625,0.15384615384615385,0.9857876957094363,0.365625,0.75,0.19230769230769232,6,5,1,1,10,11
Antonio Ballester,River Christian Tremblay,hebrew_phonetic,jupiter,0.578550514073623,0.9,0.17857142857142858,0.6083333333333334,0.16071428571428573,0.9736840368226908,0.65,0.9,0.17857142857142858,9,5,0,1,9,14
Antonio Ballester,River Christian Tremblay,hebrew_phonetic,mars,0.5241509866441812,0.6666666666666666,0.28,0.48492063492063486,0.23333333333333336,0.9660963960555635,0.5138888888888888,0.6666666666666666,0.28,6,7,0,3,7,11
Antonio Ballester,River Christian Tremblay,hebrew_phonetic,sun,0.46804224492968477,0.75,0.12903225806451613,0.5097222222222223,0.12903225806451613,0.915466731226854,0.375,0.75,0.12903225806451613,9,4,1,2,11,16
Antonio Ballester,River Christian Tremblay,hebrew_phonetic,venus,0.50805628211327,0.6666666666666666,0.1724137931034483,0.4513888888888889,0.1724137931034483,0.9691351064727234,0.6163194444444444,0.6666666666666666,0.1724137931034483,8,5,1,3,10,14
Antonio Ballester,River Christian Tremblay,hebrew_phonetic,mercury,0.511028202237538,0.8333333333333334,0.16666666666666666,0.5791666666666667,0.16666666666666666,0.9279747689807836,0.39236111111111116,0.8333333333333334,0.16666666666666666,10,5,0,2,10,15
Antonio Ballester,River Christian Tremblay,hebrew_phonetic,moon,0.4461180106302667,0.6428571428571429,0.12903225806451613,0.4642857142857143,0.12903225806451613,0.9484054524144727,0.36309523809523814,0.6428571428571429,0.12903225806451613,9,4,1,4,11,16
Lance Dean Folks,River Christian Tremblay,ordinal,saturn,0.4222853996500398,0.5555555555555556,0.15384615384615385,0.36111111111111116,0.1346153846153846,0.9744175261053671,0.3541666666666667,0.5555555555555556,0.15384615384615385,5,4,1,3,8,14
Lance Dean Folks,River Christian Tremblay,ordinal,jupiter,0.3988352877947492,0.5384615384615384,0.06666666666666667,0.4230769230769231,0.05,0.9782681370249053,0.33653846153846156,0.5384615384615384,0.06666666666666667,7,2,2,4,10,18
Lance Dean Folks,River Christian Tremblay,ordinal,mars,0.3383923417465086,0.3333333333333333,0.06666666666666667,0.2777777777777778,0.05,0.9900762727012737,0.3125,0.3333333333333333,0.06666666666666667,6,2,4,8,10,18
Lance Dean Folks,River Christian Tremblay,ordinal,sun,0.3383923417465086,0.3333333333333333,0.06666666666666667,0.2777777777777778,0.05,0.9900762727012737,0.3125,0.3333333333333333,0.06666666666666667,6,2,4,8,10,18
Lance Dean Folks,River Christian Tremblay,ordinal,venus,0.3383923417465086,0.3333333333333333,0.06666666666666667,0.2777777777777778,0.05,0.9900762727012737,0.3125,0.3333333333333333,0.06666666666666667,6,2,4,8,10,18
Lance Dean Folks,River Christian Tremblay,ordinal,mercury,0.3383923417465086,0.3333333333333333,0.06666666666666667,0.2777777777777778,0.05,0.9900762727012737,0.3125,0.3333333333333333,0.06666666666666667,6,2,4,8,10,18
Lance Dean Folks,River Christian Tremblay,ordinal,moon,0.3383923417465086,0.3333333333333333,0.06666666666666667,0.2777777777777778,0.05,0.9900762727012737,0.3125,0.3333333333333333,0.06666666666666667,6,2,4,8,10,18
Lance Dean Folks,River Christian Tremblay,hebrew_literal,saturn,0.5504263710104514,0.875,0.21739130434782608,0.46875000000000006,0.17391304347826086,0.966462211569955,0.6010416666666667,0.875,0.21739130434782608,7,5,1,0,7,11
Lance Dean Folks,River Christian Tremblay,hebrew_literal,jupiter,0.4922252465138694,0.8,0.1111111111111111,0.6333333333333334,0.09259259259259259,0.9538144420461789,0.3625,0.8,0.1111111111111111,8,3,0,2,8,16
Lance Dean Folks,River Christian Tremblay,hebrew_literal,mars,0.42923750798181687,0.5,0.17391304347826086,0.24190476190476193,0.13043478260869565,0.9666724598991828,0.5625,0.5,0.17391304347826086,5,4,1,4,5,14
Lance Dean Folks,River Christian Tremblay,hebrew_literal,sun,0.4573341701317768,0.6666666666666666,0.14285714285714285,0.4777777777777778,0.125,0.9414256557112953,0.3902777777777778,0.6666666666666666,0.14285714285714285,8,4,1,3,8,16
Lance Dean Folks,River Christian Tremblay,hebrew_literal,venus,0.4323598125515639,0.46153846153846156,0.14814814814814814,0.3076923076923077,0.12962962962962962,0.9830477641982726,0.5641025641025641,0.46153846153846156,0.14814814814814814,6,4,2,5,8,15
Lance Dean Folks,River Christian Tremblay,hebrew_literal,mercury,0.4260361301892437,0.6153846153846154,0.10344827586206896,0.46153846153846156,0.08620689655172414,0.9531000702601302,0.33653846153846156,0.6153846153846154,0.10344827586206896,8,3,1,4,9,17
Lance Dean Folks,River Christian Tremblay,hebrew_literal,moon,0.33931444755487766,0.375,0.06666666666666667,0.28125,0.05,0.9660950186625993,0.296875,0.375,0.06666666666666667,6,2,3,7,10,18
Lance Dean Folks,River Christian Tremblay,hebrew_phonetic,saturn,0.5504263710104514,0.875,0.21739130434782608,0.46875000000000006,0.17391304347826086,0.966462211569955,0.6010416666666667,0.875,0.21739130434782608,7,5,1,0,7,11
Lance Dean Folks,River Christian Tremblay,hebrew_phonetic,jupiter,0.4922252465138694,0.8,0.1111111111111111,0.6333333333333334,0.09259259259259259,0.9538144420461789,0.3625,0.8,0.1111111111111111,8,3,0,2,8,16
Lance Dean Folks,River Christian Tremblay,hebrew_phonetic,mars,0.42923750798181687,0.5,0.17391304347826086,0.24190476190476193,0.13043478260869565,0.9666724598991828,0.5625,0.5,0.17391304347826086,5,4,1,4,5,14
Lance Dean Folks,River Christian Tremblay,hebrew_phonetic,sun,0.4573341701317768,0.6666666666666666,0.14285714285714285,0.4777777777777778,0.125,0.9414256557112953,0.3902777777777778,0.6666666666666666,0.14285714285714285,8,4,1,3,8,16
Lance Dean Folks,River Christian Tremblay,hebrew_phonetic,venus,0.4323598125515639,0.46153846153846156,0.14814814814814814,0.3076923076923077,0.12962962962962962,0.9830477641982726,0.5641025641025641,0.46153846153846156,0.14814814814814814,6,4,2,5,8,15
Lance Dean Folks,River Christian Tremblay,hebrew_phonetic,mercury,0.4260361301892437,0.6153846153846154,0.10344827586206896,0.46153846153846156,0.08620689655172414,0.9531000702601302,0.33653846153846156,0.6153846153846154,0.10344827586206896,8,3,1,4,9,17
Lance Dean Folks,River Christian Tremblay,hebrew_phonetic,moon,0.33931444755487766,0.375,0.06666666666666667,0.28125,0.05,0.9660950186625993,0.296875,0.375,0.06666666666666667,6,2,3,7,10,18
